id,make,model,model_year_start,model_year_end,grade,cab_type,body_type,drivetrain,engine,transmission,certification_category,licence_class_note,wheelbase_mm,kerb_mass_kg,kerb_mass_basis,gvm_kg,gcm_kg,front_gawr_kg,rear_gawr_kg,published_payload_kg,payload_basis,braked_towing_kg,towball_limit_kg,usable_load_length_mm,usable_load_width_mm,cab_to_rear_axle_mm,source_id,source_locator,verification_status,customer_selectable,notes,payload_arithmetic_matches,source_url,source_published_date,source_accessed_date
chevrolet-silverado-1500-ltz-premium,Chevrolet,"Silverado 1500",2025,,"LTZ Premium",crew_cab,pickup_tub,4x4,,,NB1,"Standard light-vehicle licence subject to final configuration",,2552,"Manufacturer-published kerb mass",3300,7160,,1724,748,"Manufacturer-published maximum payload",4500,422,,,,gmsv-silverado-towing-au,"Silverado LTZ Premium towing glossary",source_verified,0,"Tub-compatible camper or engineered tray conversion only.",1,https://www.gmspecialtyvehicles.com/au-en/chevrolet/trucks/trailering-and-towing,,2026-08-17
chevrolet-silverado-1500-zr2,Chevrolet,"Silverado 1500",2025,,ZR2,crew_cab,pickup_tub,4x4,,,NB1,"Standard light-vehicle licence subject to final configuration",,2587,"Manufacturer-published kerb mass",3300,6851,,1724,713,"Manufacturer-published maximum payload",4200,400,,,,gmsv-silverado-towing-au,"Silverado ZR2 towing glossary",source_verified,0,"Tub-compatible camper or engineered tray conversion only.",1,https://www.gmspecialtyvehicles.com/au-en/chevrolet/trucks/trailering-and-towing,,2026-08-17
chevrolet-silverado-2500hd-ltz-nb1,Chevrolet,"Silverado 2500 HD",2025,,"LTZ Premium NB1",crew_cab,pickup_tub,4x4,"6.6L Duramax turbo-diesel V8","10-speed automatic",NB1,"Standard light-vehicle licence subject to final configuration",,3762,"Manufacturer-published kerb mass",4495,12474,,2994,733,"Manufacturer-published maximum payload under NB1",4500,450,,,,gmsv-silverado-towing-au,"Silverado HD LTZ Premium towing glossary: NB1",source_verified,0,"NB1 and NB2 are distinct certified configurations and must never be merged.",1,https://www.gmspecialtyvehicles.com/au-en/chevrolet/trucks/trailering-and-towing,,2026-08-17
chevrolet-silverado-2500hd-ltz-nb2,Chevrolet,"Silverado 2500 HD",2025,,"LTZ Premium NB2",crew_cab,pickup_tub,4x4,"6.6L Duramax turbo-diesel V8","10-speed automatic",NB2,"Heavy-vehicle licensing and registration implications require confirmation",,3762,"Manufacturer-published kerb mass",5148,12474,,2994,1386,"Manufacturer-published maximum payload under NB2",4500,450,,,,gmsv-silverado-towing-au,"Silverado HD LTZ Premium towing glossary: NB2",source_verified,0,"NB1 and NB2 are distinct certified configurations and must never be merged.",1,https://www.gmspecialtyvehicles.com/au-en/chevrolet/trucks/trailering-and-towing,,2026-08-17
ford-f-150-2024-lariat-5-5-ft-tub-swb,Ford,F-150,2024,,Lariat,crew_cab,pickup_tub,,"3.5L EcoBoost twin-turbo V6","10-speed automatic",,"Standard light-vehicle licence subject to final configuration",3697,2546,"Published kerb weight",3315,7365,1633,1977,769,"Manufacturer-published GVM minus kerb",4500,,1700,1650,,ford-f150-my24-au,"Official – prior model-year detailed sheet: Lariat 5.5-ft tub (SWB)",source_verified,0,"Load body as published: 5.5-ft tub (SWB). Current Australian range is confirmed, but detailed masses and dimensions are from Ford Australia's official MY24 engineering sheet. Load-floor height 921 mm; top-of-tub length 1662 mm. Split-swing opening is 900 mm; conventional full tailgate width is 1525 mm. Tub-compatible camper only unless engineered tray conversion is verified.",1,https://www.ford.com.au/content/dam/Ford/au/nameplate/f-150/brochures/f-150-spec-sheet-my24.pdf,,2026-08-18
ford-f-150-2024-lariat-6-5-ft-tub-lwb,Ford,F-150,2024,,Lariat,crew_cab,pickup_tub,,"3.5L EcoBoost twin-turbo V6","10-speed automatic",,"Standard light-vehicle licence subject to final configuration",3997,2566,"Published kerb weight",3360,7410,1701,1977,794,"Manufacturer-published GVM minus kerb",4500,,2000,1650,,ford-f150-my24-au,"Official – prior model-year detailed sheet: Lariat 6.5-ft tub (LWB)",source_verified,0,"Load body as published: 6.5-ft tub (LWB). Current Australian range is confirmed, but detailed masses and dimensions are from Ford Australia's official MY24 engineering sheet. Load-floor height 921 mm; top-of-tub length 1962 mm. Split-swing opening is 900 mm; conventional full tailgate width is 1525 mm. Tub-compatible camper only unless engineered tray conversion is verified.",1,https://www.ford.com.au/content/dam/Ford/au/nameplate/f-150/brochures/f-150-spec-sheet-my24.pdf,,2026-08-18
ford-f-150-2024-platinum-5-5-ft-tub-swb,Ford,F-150,2024,,Platinum,crew_cab,pickup_tub,,"3.5L EcoBoost twin-turbo V6","10-speed automatic",,"Standard light-vehicle licence subject to final configuration",3697,2611,"Published kerb weight",3315,7365,1633,1977,704,"Manufacturer-published GVM minus kerb",4500,,1700,1650,,ford-f150-my24-au,"Official – prior model-year detailed sheet: Platinum 5.5-ft tub (SWB)",source_verified,0,"Load body as published: 5.5-ft tub (SWB). Current Australian range is confirmed, but detailed masses and dimensions are from Ford Australia's official MY24 engineering sheet. Load-floor height 921 mm; top-of-tub length 1662 mm. Split-swing opening is 900 mm; conventional full tailgate width is 1525 mm. Tub-compatible camper only unless engineered tray conversion is verified.",1,https://www.ford.com.au/content/dam/Ford/au/nameplate/f-150/brochures/f-150-spec-sheet-my24.pdf,,2026-08-18
ford-f-150-2024-platinum-6-5-ft-tub-lwb,Ford,F-150,2024,,Platinum,crew_cab,pickup_tub,,"3.5L EcoBoost twin-turbo V6","10-speed automatic",,"Standard light-vehicle licence subject to final configuration",3997,2636,"Published kerb weight",3360,7410,1701,1977,724,"Manufacturer-published GVM minus kerb",4500,,2000,1650,,ford-f150-my24-au,"Official – prior model-year detailed sheet: Platinum 6.5-ft tub (LWB)",source_verified,0,"Load body as published: 6.5-ft tub (LWB). Current Australian range is confirmed, but detailed masses and dimensions are from Ford Australia's official MY24 engineering sheet. Load-floor height 921 mm; top-of-tub length 1962 mm. Split-swing opening is 900 mm; conventional full tailgate width is 1525 mm. Tub-compatible camper only unless engineered tray conversion is verified.",1,https://www.ford.com.au/content/dam/Ford/au/nameplate/f-150/brochures/f-150-spec-sheet-my24.pdf,,2026-08-18
ford-f-150-2024-xlt-5-5-ft-tub-swb,Ford,F-150,2024,,XLT,crew_cab,pickup_tub,,"3.5L EcoBoost twin-turbo V6","10-speed automatic",,"Standard light-vehicle licence subject to final configuration",3697,2462,"Published kerb weight",3315,7365,1565,1977,853,"Manufacturer-published GVM minus kerb",4500,,1700,1650,,ford-f150-my24-au,"Official – prior model-year detailed sheet: XLT 5.5-ft tub (SWB)",source_verified,0,"Load body as published: 5.5-ft tub (SWB). Current Australian range is confirmed, but detailed masses and dimensions are from Ford Australia's official MY24 engineering sheet. Load-floor height 921 mm; top-of-tub length 1662 mm. Tub-compatible camper only unless engineered tray conversion is verified.",1,https://www.ford.com.au/content/dam/Ford/au/nameplate/f-150/brochures/f-150-spec-sheet-my24.pdf,,2026-08-18
ford-f-150-2024-xlt-6-5-ft-tub-lwb,Ford,F-150,2024,,XLT,crew_cab,pickup_tub,,"3.5L EcoBoost twin-turbo V6","10-speed automatic",,"Standard light-vehicle licence subject to final configuration",3997,2482,"Published kerb weight",3360,7410,1633,1977,878,"Manufacturer-published GVM minus kerb",4500,,2000,1650,,ford-f150-my24-au,"Official – prior model-year detailed sheet: XLT 6.5-ft tub (LWB)",source_verified,0,"Load body as published: 6.5-ft tub (LWB). Current Australian range is confirmed, but detailed masses and dimensions are from Ford Australia's official MY24 engineering sheet. Load-floor height 921 mm; top-of-tub length 1962 mm. Tub-compatible camper only unless engineered tray conversion is verified.",1,https://www.ford.com.au/content/dam/Ford/au/nameplate/f-150/brochures/f-150-spec-sheet-my24.pdf,,2026-08-18
ford-ranger-2022my-4x4-raptor-double-pickup-ecoboost,Ford,Ranger,2022,,Raptor,double_cab,pickup_tub,"4x4 full-time","3.0L V6 twin-turbo EcoBoost petrol; 292 kW / 583 Nm","10-speed automatic",,"Standard light-vehicle licence subject to final configuration",,2475,"Kerb weight with heaviest factory optional equipment",3130,5370,1520,1700,655,"Derived: GVM minus kerb weight. Ford does not publish a kerb-based payload for Raptor and instead quotes 708 kg from tare weight (2,422 kg)",2500,,,,,ford-ranger-2022my-au,"4x4 Sport, Wildtrak, Raptor 2022MY Vehicle Masses: Raptor",source_verified,0,"Tub-compatible camper only unless engineered tray conversion is verified. Worst slide-on candidate in the range: lowest GVM (3,130 kg), lowest GCM (5,370 kg), lowest braked towing (2,500 kg) and heaviest kerb weight. The stored 655 kg is the conservative kerb-based derivation, not the Ford tare-based 708 kg figure. Petrol, not diesel. Refresh against the 2026.50MY table before customer exposure.",1,https://www.ford.com.au/content/dam/ecomm/Release-3/AU/landing/next-gen-ranger-ebrochure-specifications.pdf,,2026-08-17
ford-ranger-2022my-4x4-sport-double-pickup-biturbo,Ford,Ranger,2022,,Sport,double_cab,pickup_tub,"4x4 part-time","2.0L bi-turbo diesel; 154 kW / 500 Nm","10-speed automatic",,"Standard light-vehicle licence subject to final configuration",,2288,"Kerb weight with heaviest factory optional equipment",3230,6350,1450,1959,942,"Published payload based on kerb weight",3500,,,,,ford-ranger-2022my-au,"4x4 Sport, Wildtrak, Raptor 2022MY Vehicle Masses: Sport 2.0L Bi-Turbo",source_verified,0,"Tub-compatible camper only unless engineered tray conversion is verified. Minimum kerb weight 2,206 kg gives 1,024 kg payload; conservative figure stored. Refresh against the 2026.50MY table before customer exposure.",1,https://www.ford.com.au/content/dam/ecomm/Release-3/AU/landing/next-gen-ranger-ebrochure-specifications.pdf,,2026-08-17
ford-ranger-2022my-4x4-sport-double-pickup-v6,Ford,Ranger,2022,,Sport,double_cab,pickup_tub,"4x4 full-time","3.0L V6 turbo-diesel; 184 kW / 600 Nm","10-speed automatic",,"Standard light-vehicle licence subject to final configuration",,2346,"Kerb weight with heaviest factory optional equipment",3280,6400,1490,1959,934,"Published payload based on kerb weight",3500,,,,,ford-ranger-2022my-au,"4x4 Sport, Wildtrak, Raptor 2022MY Vehicle Masses: Sport 3.0L V6",source_verified,0,"Tub-compatible camper only unless engineered tray conversion is verified. Lowest published payload in the Ranger diesel range. Minimum kerb weight 2,264 kg gives 1,016 kg payload; conservative figure stored. Refresh against the 2026.50MY table before customer exposure.",1,https://www.ford.com.au/content/dam/ecomm/Release-3/AU/landing/next-gen-ranger-ebrochure-specifications.pdf,,2026-08-17
ford-ranger-2022my-4x4-wildtrak-double-pickup-biturbo,Ford,Ranger,2022,,Wildtrak,double_cab,pickup_tub,"4x4 part-time","2.0L bi-turbo diesel; 154 kW / 500 Nm","10-speed automatic",,"Standard light-vehicle licence subject to final configuration",,2341,"Kerb weight with heaviest factory optional equipment",3280,6350,1490,1959,939,"Published payload based on kerb weight",3500,,,,,ford-ranger-2022my-au,"4x4 Sport, Wildtrak, Raptor 2022MY Vehicle Masses: Wildtrak 2.0L Bi-Turbo",source_verified,0,"Tub-compatible camper only unless engineered tray conversion is verified. Minimum kerb weight 2,271 kg gives 1,009 kg payload; conservative figure stored. Refresh against the 2026.50MY table before customer exposure.",1,https://www.ford.com.au/content/dam/ecomm/Release-3/AU/landing/next-gen-ranger-ebrochure-specifications.pdf,,2026-08-17
ford-ranger-2022my-4x4-wildtrak-double-pickup-v6,Ford,Ranger,2022,,Wildtrak,double_cab,pickup_tub,"4x4 full-time","3.0L V6 turbo-diesel; 184 kW / 600 Nm","10-speed automatic",,"Standard light-vehicle licence subject to final configuration",,2399,"Kerb weight with heaviest factory optional equipment",3350,6400,1490,1959,951,"Published payload based on kerb weight",3500,,,,,ford-ranger-2022my-au,"4x4 Sport, Wildtrak, Raptor 2022MY Vehicle Masses: Wildtrak 3.0L V6",source_verified,0,"Tub-compatible camper only unless engineered tray conversion is verified. Highest GVM (3,350 kg) in the Ranger range. Minimum kerb weight 2,329 kg gives 1,021 kg payload; conservative figure stored. Refresh against the 2026.50MY table before customer exposure.",1,https://www.ford.com.au/content/dam/ecomm/Release-3/AU/landing/next-gen-ranger-ebrochure-specifications.pdf,,2026-08-17
ford-ranger-2022my-4x4-xl-double-cc-singleturbo,Ford,Ranger,2022,,XL,double_cab,cab_chassis,"4x4 part-time","2.0L single-turbo diesel; 125 kW / 405 Nm","6-speed automatic",,"Standard light-vehicle licence subject to final configuration",,2046,"Kerb weight with heaviest factory optional equipment; excludes tray body",3250,6200,1450,1959,1204,"Published payload based on kerb weight; excludes tray body",3500,,,,,ford-ranger-2022my-au,"4x4 XL 2022MY Vehicle Masses: 4x4 Double Cab Cab-Chassis 2.0L Single Turbo",source_verified,0,"Ford also publishes minimum kerb weight 1,990 kg giving 1,260 kg payload; the conservative figure is stored. Lower GCM of 6,200 kg applies to the single-turbo engine. Refresh against the 2026.50MY table before customer exposure.",1,https://www.ford.com.au/content/dam/ecomm/Release-3/AU/landing/next-gen-ranger-ebrochure-specifications.pdf,,2026-08-17
ford-ranger-2022my-4x4-xl-double-cc-biturbo,Ford,Ranger,2022,,XL,double_cab,cab_chassis,"4x4 part-time","2.0L bi-turbo diesel; 154 kW / 500 Nm","10-speed automatic",,"Standard light-vehicle licence subject to final configuration",,2072,"Kerb weight with heaviest factory optional equipment; excludes tray body",3250,6350,1490,1959,1178,"Published payload based on kerb weight; excludes tray body",3500,,,,,ford-ranger-2022my-au,"4x4 XL 2022MY Vehicle Masses: 4x4 Double Cab Cab-Chassis 2.0L Bi-Turbo",source_verified,0,"Ford also publishes minimum kerb weight 2,003 kg giving 1,247 kg payload; the conservative figure is stored. Refresh against the 2026.50MY table before customer exposure.",1,https://www.ford.com.au/content/dam/ecomm/Release-3/AU/landing/next-gen-ranger-ebrochure-specifications.pdf,,2026-08-17
ford-ranger-2022my-4x4-xl-double-pickup-singleturbo,Ford,Ranger,2022,,XL,double_cab,pickup_tub,"4x4 part-time","2.0L single-turbo diesel; 125 kW / 405 Nm","6-speed automatic",,"Standard light-vehicle licence subject to final configuration",,2201,"Kerb weight with heaviest factory optional equipment",3250,6200,1450,1959,1049,"Published payload based on kerb weight",3500,,,,,ford-ranger-2022my-au,"4x4 XL 2022MY Vehicle Masses: 4x4 Double Cab Pick-up 2.0L Single Turbo",source_verified,0,"Tub-compatible camper only unless engineered tray conversion is verified. Minimum kerb weight 2,118 kg gives 1,132 kg payload; conservative figure stored. Lower GCM of 6,200 kg applies to the single-turbo engine. Refresh against the 2026.50MY table before customer exposure.",1,https://www.ford.com.au/content/dam/ecomm/Release-3/AU/landing/next-gen-ranger-ebrochure-specifications.pdf,,2026-08-17
ford-ranger-2022my-4x4-xl-double-pickup-biturbo,Ford,Ranger,2022,,XL,double_cab,pickup_tub,"4x4 part-time","2.0L bi-turbo diesel; 154 kW / 500 Nm","10-speed automatic",,"Standard light-vehicle licence subject to final configuration",,2227,"Kerb weight with heaviest factory optional equipment",3250,6350,1490,1959,1023,"Published payload based on kerb weight",3500,,,,,ford-ranger-2022my-au,"4x4 XL 2022MY Vehicle Masses: 4x4 Double Cab Pick-up 2.0L Bi-Turbo",source_verified,0,"Tub-compatible camper only unless engineered tray conversion is verified. Minimum kerb weight 2,143 kg gives 1,107 kg payload; conservative figure stored. Refresh against the 2026.50MY table before customer exposure.",1,https://www.ford.com.au/content/dam/ecomm/Release-3/AU/landing/next-gen-ranger-ebrochure-specifications.pdf,,2026-08-17
ford-ranger-2022my-4x4-xl-single-cc-biturbo,Ford,Ranger,2022,,XL,single_cab,cab_chassis,"4x4 part-time","2.0L bi-turbo diesel; 154 kW / 500 Nm","10-speed automatic",,"Standard light-vehicle licence subject to final configuration",,1903,"Kerb weight with heaviest factory optional equipment; excludes tray body",3230,6350,1490,1959,1327,"Published payload based on kerb weight; excludes tray body",3500,,,,,ford-ranger-2022my-au,"4x4 XL, XLT 2022MY Vehicle Masses: 4x4 Single Cab Cab-Chassis",source_verified,0,"Ford also publishes minimum kerb weight 1,835 kg giving 1,395 kg payload; the conservative figure is stored. Refresh against the 2026.50MY table before customer exposure.",1,https://www.ford.com.au/content/dam/ecomm/Release-3/AU/landing/next-gen-ranger-ebrochure-specifications.pdf,,2026-08-17
ford-ranger-2022my-4x4-xl-super-cc-biturbo,Ford,Ranger,2022,,XL,super_cab,cab_chassis,"4x4 part-time","2.0L bi-turbo diesel; 154 kW / 500 Nm","10-speed automatic",,"Standard light-vehicle licence subject to final configuration",,2007,"Kerb weight with heaviest factory optional equipment; excludes tray body",3230,6350,1490,1959,1223,"Published payload based on kerb weight; excludes tray body",3500,,,,,ford-ranger-2022my-au,"4x4 XL, XLT 2022MY Vehicle Masses: 4x4 Super Cab Cab-Chassis",source_verified,0,"Ford also publishes minimum kerb weight 1,938 kg giving 1,292 kg payload; the conservative figure is stored. Refresh against the 2026.50MY table before customer exposure.",1,https://www.ford.com.au/content/dam/ecomm/Release-3/AU/landing/next-gen-ranger-ebrochure-specifications.pdf,,2026-08-17
ford-ranger-2022my-4x4-xl-super-pickup-biturbo,Ford,Ranger,2022,,XL,super_cab,pickup_tub,"4x4 part-time","2.0L bi-turbo diesel; 154 kW / 500 Nm","10-speed automatic",,"Standard light-vehicle licence subject to final configuration",,2178,"Kerb weight with heaviest factory optional equipment",3230,6350,1490,1959,1052,"Published payload based on kerb weight",3500,,,,,ford-ranger-2022my-au,"4x4 XL, XLT 2022MY Vehicle Masses: 4x4 Super Cab Pick-up",source_verified,0,"Tub-compatible camper only unless engineered tray conversion is verified. Minimum kerb weight 2,091 kg gives 1,139 kg payload; conservative figure stored. Refresh against the 2026.50MY table before customer exposure.",1,https://www.ford.com.au/content/dam/ecomm/Release-3/AU/landing/next-gen-ranger-ebrochure-specifications.pdf,,2026-08-17
ford-ranger-2022my-4x4-xls-double-pickup-biturbo,Ford,Ranger,2022,,XLS,double_cab,pickup_tub,"4x4 part-time","2.0L bi-turbo diesel; 154 kW / 500 Nm","10-speed automatic",,"Standard light-vehicle licence subject to final configuration",,2272,"Kerb weight with heaviest factory optional equipment",3230,6350,1450,1959,958,"Published payload based on kerb weight",3500,,,,,ford-ranger-2022my-au,"4x4 XLS, XLT 2022MY Vehicle Masses: 4x4 Double Cab Pick-up XLS",source_verified,0,"Tub-compatible camper only unless engineered tray conversion is verified. Minimum kerb weight 2,151 kg gives 1,079 kg payload; conservative figure stored. Refresh against the 2026.50MY table before customer exposure.",1,https://www.ford.com.au/content/dam/ecomm/Release-3/AU/landing/next-gen-ranger-ebrochure-specifications.pdf,,2026-08-17
ford-ranger-2022my-4x4-xlt-double-cc-v6,Ford,Ranger,2022,,XLT,double_cab,cab_chassis,"4x4 full-time","3.0L V6 turbo-diesel; 184 kW / 600 Nm","10-speed automatic",,"Standard light-vehicle licence subject to final configuration",,2129,"Kerb weight with heaviest factory optional equipment; excludes tray body",3280,6400,1490,1959,1151,"Published payload based on kerb weight; excludes tray body",3500,,,,,ford-ranger-2022my-au,"4x4 XLS, XLT 2022MY Vehicle Masses: 4x4 Double Cab Cab-Chassis 3.0L V6",source_verified,0,"Ford also publishes minimum kerb weight 2,109 kg giving 1,171 kg payload; the conservative figure is stored. Highest GVM (3,280 kg) and GCM (6,400 kg) of the cab-chassis range. Refresh against the 2026.50MY table before customer exposure.",1,https://www.ford.com.au/content/dam/ecomm/Release-3/AU/landing/next-gen-ranger-ebrochure-specifications.pdf,,2026-08-17
ford-ranger-2022my-4x4-xlt-double-pickup-biturbo,Ford,Ranger,2022,,XLT,double_cab,pickup_tub,"4x4 part-time","2.0L bi-turbo diesel; 154 kW / 500 Nm","10-speed automatic",,"Standard light-vehicle licence subject to final configuration",,2271,"Kerb weight with heaviest factory optional equipment",3230,6350,1450,1959,959,"Published payload based on kerb weight",3500,,,,,ford-ranger-2022my-au,"4x4 XLS, XLT 2022MY Vehicle Masses: 4x4 Double Cab Pick-up XLT 2.0L Bi-Turbo",source_verified,0,"Tub-compatible camper only unless engineered tray conversion is verified. Minimum kerb weight 2,197 kg gives 1,033 kg payload; conservative figure stored. Refresh against the 2026.50MY table before customer exposure.",1,https://www.ford.com.au/content/dam/ecomm/Release-3/AU/landing/next-gen-ranger-ebrochure-specifications.pdf,,2026-08-17
ford-ranger-2022my-4x4-xlt-double-pickup-v6,Ford,Ranger,2022,,XLT,double_cab,pickup_tub,"4x4 full-time","3.0L V6 turbo-diesel; 184 kW / 600 Nm","10-speed automatic",,"Standard light-vehicle licence subject to final configuration",,2331,"Kerb weight with heaviest factory optional equipment",3280,6400,1490,1959,949,"Published payload based on kerb weight",3500,,,,,ford-ranger-2022my-au,"4x4 XLS, XLT 2022MY Vehicle Masses: 4x4 Double Cab Pick-up XLT 3.0L V6",source_verified,0,"Tub-compatible camper only unless engineered tray conversion is verified. Minimum kerb weight 2,256 kg gives 1,024 kg payload; conservative figure stored. Refresh against the 2026.50MY table before customer exposure.",1,https://www.ford.com.au/content/dam/ecomm/Release-3/AU/landing/next-gen-ranger-ebrochure-specifications.pdf,,2026-08-17
ford-ranger-2022my-4x4-xlt-super-pickup-biturbo,Ford,Ranger,2022,,XLT,super_cab,pickup_tub,"4x4 part-time","2.0L bi-turbo diesel; 154 kW / 500 Nm","10-speed automatic",,"Standard light-vehicle licence subject to final configuration",,2189,"Kerb weight with heaviest factory optional equipment",3230,6350,1450,1959,1041,"Published payload based on kerb weight",3500,,,,,ford-ranger-2022my-au,"4x4 XL, XLT 2022MY Vehicle Masses: 4x4 Super Cab Pick-up XLT",source_verified,0,"Tub-compatible camper only unless engineered tray conversion is verified. Minimum kerb weight 2,145 kg gives 1,085 kg payload; conservative figure stored. Refresh against the 2026.50MY table before customer exposure.",1,https://www.ford.com.au/content/dam/ecomm/Release-3/AU/landing/next-gen-ranger-ebrochure-specifications.pdf,,2026-08-17
ford-ranger-super-duty-my26-single-cab,Ford,"Ranger Super Duty",2026,,"Super Duty",single_cab,cab_chassis,4x4,"3.0L V6 turbo-diesel","10-speed automatic",,"Check state licence requirements after body fitment and final GVM",,2518,"Derived from GVM minus published maximum payload; excludes tray",4500,8000,1900,2800,1982,"Maximum payload; single cab excluding tray",4500,,,,,ford-ranger-super-duty-au,"Overview and disclosures: Carry more / payload / GAWR",source_verified,0,"Do not expose until Ford publishes a full delivered-variant mass table and tray/body deductions are configured.",1,https://www.ford.com.au/showroom/trucks-and-vans/ranger/super-duty/,,2026-08-17
gwm-cannon-2026-lux-dual-cab-pick-up-tub,GWM,Cannon,2026,,"Lux Dual Cab",dual_cab,pickup_tub,4x4,"2.4L turbo-diesel","9-speed automatic",,"Standard light-vehicle licence subject to final configuration",3230,2230,"Published kerb weight",3225,6200,1500,1950,995,"GVM minus kerb",3500,350,1520,1520,,gwm-cannon-2026-au,"Official 2026 brochure: Lux Dual Cab Pick-up tub",source_verified,0,"Load body as published: Pick-up tub. Manufacturer drivetrain description: 4x4. Tub-compatible camper only unless engineered tray conversion is verified.",1,https://assets.gwmanz.com/f/256395/x/f66059e2b4/y4rt9h-au-cannon-brochure-2026-a4-210x297mm.pdf,,2026-08-18
gwm-cannon-2026-lux-dual-cab-chassis-factory-alloy-tray,GWM,Cannon,2026,,"Lux Dual Cab Chassis",dual_cab,cab_chassis,4x4,"2.4L turbo-diesel","9-speed automatic",,"Standard light-vehicle licence subject to final configuration",3230,2230,"Published kerb weight; excludes tray body",3225,6200,1500,1915,995,"GVM minus kerb",3500,350,1730,1895,,gwm-cannon-2026-au,"Official 2026 brochure: Lux Dual Cab Chassis Factory alloy tray",source_verified,0,"Load body as published: Factory alloy tray. Manufacturer drivetrain description: 4x4.",1,https://assets.gwmanz.com/f/256395/x/f66059e2b4/y4rt9h-au-cannon-brochure-2026-a4-210x297mm.pdf,,2026-08-18
gwm-cannon-2026-premium-dual-cab-pick-up-tub,GWM,Cannon,2026,,"Premium Dual Cab",dual_cab,pickup_tub,4x4,"2.0L turbo-diesel","8-speed automatic",,"Standard light-vehicle licence subject to final configuration",3230,2140,"Published kerb weight",3135,5830,1500,1915,995,"GVM minus kerb",3200,320,1520,1520,,gwm-cannon-2026-au,"Official 2026 brochure: Premium Dual Cab Pick-up tub",source_verified,0,"Load body as published: Pick-up tub. Manufacturer drivetrain description: 4x4. Tub-compatible camper only unless engineered tray conversion is verified.",1,https://assets.gwmanz.com/f/256395/x/f66059e2b4/y4rt9h-au-cannon-brochure-2026-a4-210x297mm.pdf,,2026-08-18
gwm-cannon-2026-premium-single-cab-4x2-factory-alloy-tray,GWM,Cannon,2026,,"Premium Single Cab 4x2",single_cab,cab_chassis,4x2,"2.0L turbo-diesel","8-speed automatic",,"Standard light-vehicle licence subject to final configuration",3470,1900,"Published kerb weight; excludes tray body",3050,5590,1500,1915,1150,"GVM minus kerb",3200,320,2630,1895,,gwm-cannon-2026-au,"Official 2026 brochure: Premium Single Cab 4x2 Factory alloy tray",source_verified,0,"Load body as published: Factory alloy tray. Manufacturer drivetrain description: 4x2.",1,https://assets.gwmanz.com/f/256395/x/f66059e2b4/y4rt9h-au-cannon-brochure-2026-a4-210x297mm.pdf,,2026-08-18
gwm-cannon-2026-ultra-dual-cab-pick-up-tub,GWM,Cannon,2026,,"Ultra Dual Cab",dual_cab,pickup_tub,4x4,"2.4L turbo-diesel","9-speed automatic",,"Standard light-vehicle licence subject to final configuration",3230,2230,"Published kerb weight",3225,6200,1500,1950,995,"GVM minus kerb",3500,350,1520,1520,,gwm-cannon-2026-au,"Official 2026 brochure: Ultra Dual Cab Pick-up tub",source_verified,0,"Load body as published: Pick-up tub. Manufacturer drivetrain description: 4x4. Tub-compatible camper only unless engineered tray conversion is verified.",1,https://assets.gwmanz.com/f/256395/x/f66059e2b4/y4rt9h-au-cannon-brochure-2026-a4-210x297mm.pdf,,2026-08-18
gwm-cannon-2026-vanta-dual-cab-pick-up-tub,GWM,Cannon,2026,,"Vanta Dual Cab",dual_cab,pickup_tub,4x4,"2.4L turbo-diesel","9-speed automatic",,"Standard light-vehicle licence subject to final configuration",3230,2230,"Published kerb weight",3225,6200,1500,1950,995,"GVM minus kerb",3500,350,1520,1520,,gwm-cannon-2026-au,"Official 2026 brochure: Vanta Dual Cab Pick-up tub",source_verified,0,"Load body as published: Pick-up tub. Manufacturer drivetrain description: 4x4. Tub-compatible camper only unless engineered tray conversion is verified.",1,https://assets.gwmanz.com/f/256395/x/f66059e2b4/y4rt9h-au-cannon-brochure-2026-a4-210x297mm.pdf,,2026-08-18
gwm-cannon-2026-xsr-pick-up-tub,GWM,Cannon,2026,,XSR,dual_cab,pickup_tub,4x4,"2.4L turbo-diesel","9-speed automatic",,"Standard light-vehicle licence subject to final configuration",3230,2330,"Published kerb weight",3205,6300,1585,1850,875,"GVM minus kerb",3500,350,1520,1520,,gwm-cannon-2026-au,"Official 2026 brochure: XSR Pick-up tub",source_verified,0,"Load body as published: Pick-up tub. Manufacturer drivetrain description: 4x4 with front/rear differential locks. Tub-compatible camper only unless engineered tray conversion is verified.",1,https://assets.gwmanz.com/f/256395/x/f66059e2b4/y4rt9h-au-cannon-brochure-2026-a4-210x297mm.pdf,,2026-08-18
gwm-cannon-alpha-2025-lux-phev-pick-up-tub,GWM,"Cannon Alpha",2025,,"Lux PHEV",dual_cab,pickup_tub,"4x4 on-demand","2.0L turbo-petrol PHEV + electric motor","9-speed hybrid automatic",,"Standard light-vehicle licence subject to final configuration",3350,2810,"Published kerb weight",3495,6745,1680,2250,685,"GVM minus kerb",3500,350,,,,gwm-cannon-alpha-au,"Official current brochure: Lux PHEV Pick-up tub",source_verified,0,"Load body as published: Pick-up tub. Manufacturer drivetrain description: Torque-on-demand 4WD. 37.11 kWh battery; 115 km NEDC EV range; 7.9 L/100 km low-charge figure; 6 kW V2L; multi-link coil rear suspension. Tub-compatible camper only unless engineered tray conversion is verified.",1,https://assets.gwmanz.com/f/256395/x/43c46a95d0/cannon-alpha-brochure-au.pdf,,2026-08-18
gwm-cannon-alpha-2025-lux-turbo-diesel-pick-up-tub,GWM,"Cannon Alpha",2025,,"Lux Turbo Diesel",dual_cab,pickup_tub,"4x4 on-demand","2.4L turbo-diesel","9-speed automatic",,"Standard light-vehicle licence subject to final configuration",3350,2489,"Published kerb weight",3310,6555,1680,2250,821,"GVM minus kerb",3500,350,,,,gwm-cannon-alpha-au,"Official brochure; live-grade availability unclear: Lux Turbo Diesel Pick-up tub",source_verified,0,"Load body as published: Pick-up tub. Manufacturer drivetrain description: Torque-on-demand 4WD. Leaf-spring rear suspension. The current live page emphasises Ultra diesel and PHEV grades; dealer availability should be checked. Tub-compatible camper only unless engineered tray conversion is verified.",1,https://assets.gwmanz.com/f/256395/x/43c46a95d0/cannon-alpha-brochure-au.pdf,,2026-08-18
gwm-cannon-alpha-2025-ultra-hev-pick-up-tub,GWM,"Cannon Alpha",2025,,"Ultra HEV",dual_cab,pickup_tub,"4x4 on-demand","2.0L turbo-petrol hybrid + electric motor","9-speed hybrid automatic",,"Standard light-vehicle licence subject to final configuration",3350,2575,"Published kerb weight",3310,6555,1680,2250,735,"GVM minus kerb",3500,350,,,,gwm-cannon-alpha-au,"Official brochure; live-grade availability unclear: Ultra HEV Pick-up tub",source_verified,0,"Load body as published: Pick-up tub. Manufacturer drivetrain description: Torque-on-demand 4WD. Leaf-spring rear suspension. Confirm new-order availability with GWM. Tub-compatible camper only unless engineered tray conversion is verified.",1,https://assets.gwmanz.com/f/256395/x/43c46a95d0/cannon-alpha-brochure-au.pdf,,2026-08-18
gwm-cannon-alpha-2025-ultra-phev-pick-up-tub,GWM,"Cannon Alpha",2025,,"Ultra PHEV",dual_cab,pickup_tub,"4x4 on-demand","2.0L turbo-petrol PHEV + electric motor","9-speed hybrid automatic",,"Standard light-vehicle licence subject to final configuration",3350,2810,"Published kerb weight",3495,6745,1680,2250,685,"GVM minus kerb",3500,350,,,,gwm-cannon-alpha-au,"Official current brochure: Ultra PHEV Pick-up tub",source_verified,0,"Load body as published: Pick-up tub. Manufacturer drivetrain description: Torque-on-demand 4WD. 37.11 kWh battery; 115 km NEDC EV range; 7.9 L/100 km low-charge figure; 6 kW V2L; multi-link coil rear suspension. Tub-compatible camper only unless engineered tray conversion is verified.",1,https://assets.gwmanz.com/f/256395/x/43c46a95d0/cannon-alpha-brochure-au.pdf,,2026-08-18
gwm-cannon-alpha-2025-ultra-turbo-diesel-pick-up-tub,GWM,"Cannon Alpha",2025,,"Ultra Turbo Diesel",dual_cab,pickup_tub,"4x4 on-demand","2.4L turbo-diesel","9-speed automatic",,"Standard light-vehicle licence subject to final configuration",3350,2550,"Published kerb weight",3310,6555,1680,2250,760,"GVM minus kerb",3500,350,,,,gwm-cannon-alpha-au,"Official current brochure: Ultra Turbo Diesel Pick-up tub",source_verified,0,"Load body as published: Pick-up tub. Manufacturer drivetrain description: Torque-on-demand 4WD. Leaf-spring rear suspension; 60/40 split-swing tailgate. Tub-compatible camper only unless engineered tray conversion is verified.",1,https://assets.gwmanz.com/f/256395/x/43c46a95d0/cannon-alpha-brochure-au.pdf,,2026-08-18
isuzu-dmax-25-5my-4x4-lsu-crew-3-0,Isuzu,D-MAX,2025,,LS-U,crew_cab,cab_chassis,4x4,"3.0L turbo-diesel","6-speed automatic",,"Standard light-vehicle licence subject to final configuration",3125,1960,"Kerb weight excludes tray body",3100,6000,1450,1910,1140,"Published; final cab-chassis mass depends on body fitted",3500,350,1800,1777,450,isuzu-dmax-25-5my,"Fuel, Weights & Dimensions: 4x4 LS-U Crew Cab Chassis",source_verified,0,,1,https://cdn-iua.dataweavers.io/-/media/d-max/documents/25-5my-isuzu-d-max-vehicle-specifications.pdf?rev=30680420a74d44c9af2c12f77ee2d85d,,2026-08-17
isuzu-dmax-25-5my-4x2-sx-crew-2-2,Isuzu,D-MAX,2025,,SX,crew_cab,cab_chassis,"4x2 high-ride","2.2L turbo-diesel","8-speed automatic",,"Standard light-vehicle licence subject to final configuration",3125,1775,"Kerb weight excludes tray body",3000,5850,1450,1910,1225,"Published; final cab-chassis mass depends on body fitted",3500,350,1800,1777,450,isuzu-dmax-25-5my,"Fuel, Weights & Dimensions: 4x2 SX Crew Cab Chassis 2.2L",source_verified,0,,1,https://cdn-iua.dataweavers.io/-/media/d-max/documents/25-5my-isuzu-d-max-vehicle-specifications.pdf?rev=30680420a74d44c9af2c12f77ee2d85d,,2026-08-17
isuzu-dmax-25-5my-4x2-sx-crew-3-0,Isuzu,D-MAX,2025,,SX,crew_cab,cab_chassis,"4x2 high-ride","3.0L turbo-diesel","6-speed automatic",,"Standard light-vehicle licence subject to final configuration",3125,1825,"Kerb weight excludes tray body",3000,5850,1450,1910,1175,"Published; final cab-chassis mass depends on body fitted",3500,350,1800,1777,450,isuzu-dmax-25-5my,"Fuel, Weights & Dimensions: 4x2 SX Crew Cab Chassis 3.0L",source_verified,0,,1,https://cdn-iua.dataweavers.io/-/media/d-max/documents/25-5my-isuzu-d-max-vehicle-specifications.pdf?rev=30680420a74d44c9af2c12f77ee2d85d,,2026-08-17
isuzu-dmax-25-5my-4x4-sx-crew-2-2,Isuzu,D-MAX,2025,,SX,crew_cab,cab_chassis,4x4,"2.2L turbo-diesel","8-speed automatic",,"Standard light-vehicle licence subject to final configuration",3125,1860,"Kerb weight excludes tray body",3100,6000,1450,1910,1240,"Published; final cab-chassis mass depends on body fitted",3500,350,1800,1777,450,isuzu-dmax-25-5my,"Fuel, Weights & Dimensions: 4x4 SX Crew Cab Chassis 2.2L",source_verified,0,,1,https://cdn-iua.dataweavers.io/-/media/d-max/documents/25-5my-isuzu-d-max-vehicle-specifications.pdf?rev=30680420a74d44c9af2c12f77ee2d85d,,2026-08-17
isuzu-dmax-25-5my-4x4-sx-crew-3-0,Isuzu,D-MAX,2025,,SX,crew_cab,cab_chassis,4x4,"3.0L turbo-diesel","6-speed automatic",,"Standard light-vehicle licence subject to final configuration",3125,1915,"Kerb weight excludes tray body",3100,6000,1450,1910,1185,"Published; final cab-chassis mass depends on body fitted",3500,350,1800,1777,450,isuzu-dmax-25-5my,"Fuel, Weights & Dimensions: 4x4 SX Crew Cab Chassis 3.0L",source_verified,0,,1,https://cdn-iua.dataweavers.io/-/media/d-max/documents/25-5my-isuzu-d-max-vehicle-specifications.pdf?rev=30680420a74d44c9af2c12f77ee2d85d,,2026-08-17
isuzu-dmax-25-5my-4x2-sx-single-2-2,Isuzu,D-MAX,2025,,SX,single_cab,cab_chassis,"4x2 high-ride","2.2L turbo-diesel","8-speed automatic",,"Standard light-vehicle licence subject to final configuration",3125,1650,"Kerb weight excludes tray body",3000,5850,1450,1910,1350,"Published; final cab-chassis mass depends on body fitted",3500,350,2550,1777,1240,isuzu-dmax-25-5my,"Fuel, Weights & Dimensions: 4x2 SX Single Cab Chassis 2.2L",source_verified,0,,1,https://cdn-iua.dataweavers.io/-/media/d-max/documents/25-5my-isuzu-d-max-vehicle-specifications.pdf?rev=30680420a74d44c9af2c12f77ee2d85d,,2026-08-17
isuzu-dmax-25-5my-4x2-sx-single-3-0,Isuzu,D-MAX,2025,,SX,single_cab,cab_chassis,"4x2 high-ride","3.0L turbo-diesel","6-speed automatic",,"Standard light-vehicle licence subject to final configuration",3125,1700,"Kerb weight excludes tray body",3000,5850,1450,1910,1300,"Published; final cab-chassis mass depends on body fitted",3500,350,2550,1777,1240,isuzu-dmax-25-5my,"Fuel, Weights & Dimensions: 4x2 SX Single Cab Chassis 3.0L",source_verified,0,,1,https://cdn-iua.dataweavers.io/-/media/d-max/documents/25-5my-isuzu-d-max-vehicle-specifications.pdf?rev=30680420a74d44c9af2c12f77ee2d85d,,2026-08-17
isuzu-dmax-25-5my-4x4-sx-single-3-0,Isuzu,D-MAX,2025,,SX,single_cab,cab_chassis,4x4,"3.0L turbo-diesel","6-speed automatic",,"Standard light-vehicle licence subject to final configuration",3125,1790,"Kerb weight excludes tray body",3100,6000,1450,1910,1310,"Published; final cab-chassis mass depends on body fitted",3500,350,2550,1777,1240,isuzu-dmax-25-5my,"Fuel, Weights & Dimensions: 4x4 SX Single Cab Chassis",source_verified,0,,1,https://cdn-iua.dataweavers.io/-/media/d-max/documents/25-5my-isuzu-d-max-vehicle-specifications.pdf?rev=30680420a74d44c9af2c12f77ee2d85d,,2026-08-17
isuzu-dmax-25-5my-4x2-sx-space-3-0,Isuzu,D-MAX,2025,,SX,space_cab,cab_chassis,"4x2 high-ride","3.0L turbo-diesel","6-speed automatic",,"Standard light-vehicle licence subject to final configuration",3125,1775,"Kerb weight excludes tray body",3000,5850,1450,1910,1225,"Published; final cab-chassis mass depends on body fitted",3500,350,2100,1777,765,isuzu-dmax-25-5my,"Fuel, Weights & Dimensions: 4x2 SX Space Cab Chassis",source_verified,0,,1,https://cdn-iua.dataweavers.io/-/media/d-max/documents/25-5my-isuzu-d-max-vehicle-specifications.pdf?rev=30680420a74d44c9af2c12f77ee2d85d,,2026-08-17
isuzu-dmax-25-5my-4x4-sx-space-3-0,Isuzu,D-MAX,2025,,SX,space_cab,cab_chassis,4x4,"3.0L turbo-diesel","6-speed automatic",,"Standard light-vehicle licence subject to final configuration",3125,1860,"Kerb weight excludes tray body",3100,6000,1450,1910,1240,"Published; final cab-chassis mass depends on body fitted",3500,350,2100,1777,765,isuzu-dmax-25-5my,"Fuel, Weights & Dimensions: 4x4 SX Space Cab Chassis",source_verified,0,,1,https://cdn-iua.dataweavers.io/-/media/d-max/documents/25-5my-isuzu-d-max-vehicle-specifications.pdf?rev=30680420a74d44c9af2c12f77ee2d85d,,2026-08-17
kgm-musso-elx-adventure-ultimate,KGM,Musso,2026,,"ELX / Adventure / Ultimate",dual_cab,pickup_tub,4x4,"2.2L turbo-diesel","6-speed automatic",,"Standard light-vehicle licence subject to final configuration",,2090,"Published kerb weight",2880,6380,,,790,"Published payload; reconciles with GVM minus kerb weight",3500,350,,,,kgm-musso-au,"Specifications: ELX / Adventure / Ultimate",source_verified_model_level,0,"The page states 790 kg maximum payload for ELX, Adventure and Ultimate, so this configuration is attributable. Deck capacity 1,011 L. Tub-compatible camper only unless engineered tray conversion is verified.",1,https://kgm.com.au/models/musso,,2026-08-18
kgm-musso-config-1010,KGM,Musso,2026,,"Unattributed 1,010 kg payload configuration",dual_cab,pickup_tub,4x4,"2.2L turbo-diesel","6-speed automatic",,"Standard light-vehicle licence subject to final configuration",,2210,"Published kerb weight",3220,6720,,,1010,"Published payload; reconciles with GVM minus kerb weight",3500,350,,,,kgm-musso-au,"Specifications: Unattributed 1,010 kg payload configuration",needs_secondary_review,0,"Highest published Musso GVM and payload. KGM publishes it without a reliable grade mapping in page data. Confirm the grade and whether it is the XLV long-tub body before customer exposure. Tub-compatible camper only unless engineered tray conversion is verified.",1,https://kgm.com.au/models/musso,,2026-08-18
kgm-musso-config-880,KGM,Musso,2026,,"Unattributed 880 kg payload configuration",dual_cab,pickup_tub,4x4,"2.2L turbo-diesel","6-speed automatic",,"Standard light-vehicle licence subject to final configuration",,2100,"Published kerb weight",2980,6480,,,880,"Published payload; reconciles with GVM minus kerb weight",3500,350,,,,kgm-musso-au,"Specifications: Unattributed 880 kg payload configuration",needs_secondary_review,0,"KGM publishes this configuration without a reliable grade mapping in page data. Confirm which grade or XLV pack it belongs to before customer exposure. Tub-compatible camper only unless engineered tray conversion is verified.",1,https://kgm.com.au/models/musso,,2026-08-18
kia-tasman-2026-dual-cab-s-4x4-cab-chassis-optional-tray,Kia,Tasman,2026,,"Dual Cab S 4x4",dual_cab,cab_chassis,"4x4 part-time","2.2L turbo-diesel","8-speed Sports-Matic automatic",,"Standard light-vehicle licence subject to final configuration",3270,2065,"Published kerb weight; excludes tray body",3250,6200,1450,2040,1185,"GVM minus cab-chassis kerb; tray/accessories reduce usable payload",3500,350,,,,kia-tasman-cab-chassis-au,"Official separate cab-chassis brochure: Dual Cab S 4x4 Cab chassis – optional tray",source_verified,0,"Load body as published: Cab chassis – optional tray. Manufacturer drivetrain description: Part-time 4x4 with low range. Published turning figure is a 6.17 m turning radius; 12.34 m shown here is the calculated diameter. Overall length, departure angle and final payload depend on the selected tray and accessories. Kia lists General Purpose Alloy, Heavy Duty Alloy and Heavy Duty Steel tray options.",1,https://www.kia.com/content/dam/kwcms/au/en/images/pdf/tasman/kia-tasman-cab-chassis-brochure.pdf,,2026-08-18
kia-tasman-2026-dual-cab-sx-4x4-cab-chassis-optional-tray,Kia,Tasman,2026,,"Dual Cab SX 4x4",dual_cab,cab_chassis,"4x4 part-time","2.2L turbo-diesel","8-speed Sports-Matic automatic",,"Standard light-vehicle licence subject to final configuration",3270,2065,"Published kerb weight; excludes tray body",3250,6200,1450,2040,1185,"GVM minus cab-chassis kerb; tray/accessories reduce usable payload",3500,350,,,,kia-tasman-cab-chassis-au,"Official separate cab-chassis brochure: Dual Cab SX 4x4 Cab chassis – optional tray",source_verified,0,"Load body as published: Cab chassis – optional tray. Manufacturer drivetrain description: Part-time 4x4 with low range. Published turning figure is a 6.17 m turning radius; 12.34 m shown here is the calculated diameter. Overall length, departure angle and final payload depend on the selected tray and accessories. Kia lists General Purpose Alloy, Heavy Duty Alloy and Heavy Duty Steel tray options.",1,https://www.kia.com/content/dam/kwcms/au/en/images/pdf/tasman/kia-tasman-cab-chassis-brochure.pdf,,2026-08-18
kia-tasman-my26-s-4x2,Kia,Tasman,2026,,S,dual_cab,pickup_tub,4x2,"2.2L diesel","8-speed automatic",,"Standard light-vehicle licence subject to final configuration",3270,2126,"Published kerb weight",3250,6200,1450,2040,1124,"Manufacturer-published maximum payload",3500,350,1573,1600,,kia-tasman-my26-au,"Weight table: S 4x2",source_verified,0,"Tub-compatible camper only unless engineered tray conversion is verified.",1,https://www.kia.com/content/dam/kwcms/au/en/images/pdf/tasman/kia-tasman-brochure.pdf,,2026-08-17
kia-tasman-my26-s-4x4,Kia,Tasman,2026,,S,dual_cab,pickup_tub,4x4,"2.2L diesel","8-speed automatic",,"Standard light-vehicle licence subject to final configuration",3270,2225,"Published kerb weight",3250,6200,1450,2040,1025,"Manufacturer-published maximum payload",3500,350,1573,1600,,kia-tasman-my26-au,"Weight table: S 4x4",source_verified,0,"Tub-compatible camper only unless engineered tray conversion is verified.",1,https://www.kia.com/content/dam/kwcms/au/en/images/pdf/tasman/kia-tasman-brochure.pdf,,2026-08-17
kia-tasman-my26-sx-4x4,Kia,Tasman,2026,,SX,dual_cab,pickup_tub,4x4,"2.2L diesel","8-speed automatic",,"Standard light-vehicle licence subject to final configuration",3270,2225,"Published kerb weight",3250,6200,1450,2040,1025,"Manufacturer-published maximum payload",3500,350,1573,1600,,kia-tasman-my26-au,"Weight table: SX 4x4",source_verified,0,"Tub-compatible camper only unless engineered tray conversion is verified.",1,https://www.kia.com/content/dam/kwcms/au/en/images/pdf/tasman/kia-tasman-brochure.pdf,,2026-08-17
kia-tasman-my26-sxplus-4x4,Kia,Tasman,2026,,SX+,dual_cab,pickup_tub,4x4,"2.2L diesel","8-speed automatic",,"Standard light-vehicle licence subject to final configuration",3270,2225,"Published kerb weight",3250,6200,1450,2040,1025,"Manufacturer-published maximum payload",3500,350,1512,1572,,kia-tasman-my26-au,"Weight table: SX+ 4x4",source_verified,0,"Tub-compatible camper only unless engineered tray conversion is verified.",1,https://www.kia.com/content/dam/kwcms/au/en/images/pdf/tasman/kia-tasman-brochure.pdf,,2026-08-17
kia-tasman-2026-single-cab-s-4x2-cab-chassis-optional-tray,Kia,Tasman,2026,,"Single Cab S 4x2",single_cab,cab_chassis,4x2,"2.2L turbo-diesel","8-speed Sports-Matic automatic",,"Standard light-vehicle licence subject to final configuration",3270,1795,"Published kerb weight; excludes tray body",3160,6200,1450,2040,1365,"GVM minus cab-chassis kerb; tray/accessories reduce usable payload",3500,350,,,,kia-tasman-cab-chassis-au,"Official separate cab-chassis brochure: Single Cab S 4x2 Cab chassis – optional tray",source_verified,0,"Load body as published: Cab chassis – optional tray. Manufacturer drivetrain description: 4x2. Published turning figure is a 6.17 m turning radius; 12.34 m shown here is the calculated diameter. Overall length, departure angle and final payload depend on the selected tray and accessories. Kia lists General Purpose Alloy, Heavy Duty Alloy and Heavy Duty Steel tray options. Single-cab kerb and payload figures explicitly exclude the tray.",1,https://www.kia.com/content/dam/kwcms/au/en/images/pdf/tasman/kia-tasman-cab-chassis-brochure.pdf,,2026-08-18
kia-tasman-2026-single-cab-s-4x4-cab-chassis-optional-tray,Kia,Tasman,2026,,"Single Cab S 4x4",single_cab,cab_chassis,"4x4 part-time","2.2L turbo-diesel","8-speed Sports-Matic automatic",,"Standard light-vehicle licence subject to final configuration",3270,1905,"Published kerb weight; excludes tray body",3250,6200,1450,2040,1345,"GVM minus cab-chassis kerb; tray/accessories reduce usable payload",3500,350,,,,kia-tasman-cab-chassis-au,"Official separate cab-chassis brochure: Single Cab S 4x4 Cab chassis – optional tray",source_verified,0,"Load body as published: Cab chassis – optional tray. Manufacturer drivetrain description: Part-time 4x4 with low range. Published turning figure is a 6.17 m turning radius; 12.34 m shown here is the calculated diameter. Overall length, departure angle and final payload depend on the selected tray and accessories. Kia lists General Purpose Alloy, Heavy Duty Alloy and Heavy Duty Steel tray options. Single-cab kerb and payload figures explicitly exclude the tray.",1,https://www.kia.com/content/dam/kwcms/au/en/images/pdf/tasman/kia-tasman-cab-chassis-brochure.pdf,,2026-08-18
kia-tasman-2026-single-cab-sx-4x4-cab-chassis-optional-tray,Kia,Tasman,2026,,"Single Cab SX 4x4",single_cab,cab_chassis,"4x4 part-time","2.2L turbo-diesel","8-speed Sports-Matic automatic",,"Standard light-vehicle licence subject to final configuration",3270,1905,"Published kerb weight; excludes tray body",3250,6200,1450,2040,1345,"GVM minus cab-chassis kerb; tray/accessories reduce usable payload",3500,350,,,,kia-tasman-cab-chassis-au,"Official separate cab-chassis brochure: Single Cab SX 4x4 Cab chassis – optional tray",source_verified,0,"Load body as published: Cab chassis – optional tray. Manufacturer drivetrain description: Part-time 4x4 with low range. Published turning figure is a 6.17 m turning radius; 12.34 m shown here is the calculated diameter. Overall length, departure angle and final payload depend on the selected tray and accessories. Kia lists General Purpose Alloy, Heavy Duty Alloy and Heavy Duty Steel tray options. Single-cab kerb and payload figures explicitly exclude the tray.",1,https://www.kia.com/content/dam/kwcms/au/en/images/pdf/tasman/kia-tasman-cab-chassis-brochure.pdf,,2026-08-18
kia-tasman-my26-xline-4x4,Kia,Tasman,2026,,X-Line,dual_cab,pickup_tub,4x4,"2.2L diesel","8-speed automatic",,"Standard light-vehicle licence subject to final configuration",3270,2223,"Published kerb weight",3250,6200,1450,2040,1027,"Manufacturer-published maximum payload",3500,350,1512,1572,,kia-tasman-my26-au,"Weight table: X-Line 4x4",source_verified,0,"Tub-compatible camper only unless engineered tray conversion is verified.",1,https://www.kia.com/content/dam/kwcms/au/en/images/pdf/tasman/kia-tasman-brochure.pdf,,2026-08-17
kia-tasman-my26-xpro-4x4,Kia,Tasman,2026,,X-Pro,dual_cab,pickup_tub,4x4,"2.2L diesel","8-speed automatic",,"Standard light-vehicle licence subject to final configuration",3270,2237,"Published kerb weight",3250,6200,1450,2002,1013,"Manufacturer-published maximum payload",3500,350,1512,1572,,kia-tasman-my26-au,"Weight table: X-Pro 4x4",source_verified,0,"Tub-compatible camper only unless engineered tray conversion is verified.",1,https://www.kia.com/content/dam/kwcms/au/en/images/pdf/tasman/kia-tasman-brochure.pdf,,2026-08-17
mazda-bt50-my25-dual-4x4-boss-pickup,Mazda,BT-50,2025,,Boss,dual_cab,pickup_tub,4x4,"3.0L diesel",automatic,,"Standard light-vehicle licence subject to final configuration",,2067,"Published kerb weight; tub body, no tray state published",3100,6000,1450,1910,1033,"Derived: GVM minus published kerb weight, because the published payload does not reconcile",3500,350,,,,mazda-bt50-payload-au,"Dual Cab > 4x4 > Boss Pickup",needs_secondary_review,0,"DATA CONFLICT: Mazda publishes 2,067 kg kerb and 1,034 kg payload, but 3,100 - 2,067 = 1,033. The conservative derived 1,033 kg is stored. Confirm with Mazda before customer exposure. Tub-compatible camper only unless engineered tray conversion is verified.",1,https://www.mazda.com.au/cars/bt-50/payload/,,2026-08-17
mazda-bt50-my25-dual-4x4-gt-cc,Mazda,BT-50,2025,,GT,dual_cab,cab_chassis,4x4,"3.0L diesel",automatic,,"Standard light-vehicle licence subject to final configuration",,2073,"Kerb weight with Mazda standard tray fitted",3100,6000,1450,1910,1027,"Published payload with Mazda standard tray fitted",3500,350,,,,mazda-bt50-payload-au,"Dual Cab > 4x4 > GT Cab Chassis",source_verified,0,"Bare chassis is 1,959 kg kerb and 1,141 kg payload; the standard tray adds 114 kg.",1,https://www.mazda.com.au/cars/bt-50/payload/,,2026-08-17
mazda-bt50-my25-dual-4x4-gt-pickup,Mazda,BT-50,2025,,GT,dual_cab,pickup_tub,4x4,"3.0L diesel",automatic,,"Standard light-vehicle licence subject to final configuration",,2102,"Published kerb weight; tub body, no tray state published",3100,6000,1450,1910,998,"Published payload",3500,350,,,,mazda-bt50-payload-au,"Dual Cab > 4x4 > GT Pickup",source_verified,0,"Tub-compatible camper only unless engineered tray conversion is verified.",1,https://www.mazda.com.au/cars/bt-50/payload/,,2026-08-17
mazda-bt50-my25-dual-4x4-sp-pickup,Mazda,BT-50,2025,,SP,dual_cab,pickup_tub,4x4,"3.0L diesel",automatic,,"Standard light-vehicle licence subject to final configuration",,2176,"Published kerb weight; tub body, no tray state published",3100,6000,1450,1910,924,"Published payload",3500,350,,,,mazda-bt50-payload-au,"Dual Cab > 4x4 > SP Pickup",source_verified,0,"Tub-compatible camper only unless engineered tray conversion is verified.",1,https://www.mazda.com.au/cars/bt-50/payload/,,2026-08-17
mazda-bt50-my25-dual-4x4-thunder-pickup,Mazda,BT-50,2025,,Thunder,dual_cab,pickup_tub,4x4,"3.0L diesel",automatic,,"Standard light-vehicle licence subject to final configuration",,2213,"Published kerb weight; tub body, no tray state published",3100,6000,1450,1910,887,"Published payload",3500,350,,,,mazda-bt50-payload-au,"Dual Cab > 4x4 > Thunder Pickup",source_verified,0,"Lowest payload in the BT-50 range. Tub-compatible camper only unless engineered tray conversion is verified.",1,https://www.mazda.com.au/cars/bt-50/payload/,,2026-08-17
mazda-bt50-my25-dual-4x4-xs-cc,Mazda,BT-50,2025,,XS,dual_cab,cab_chassis,4x4,"2.2L diesel",automatic,,"Standard light-vehicle licence subject to final configuration",,1966,"Kerb weight with Mazda standard tray fitted",3100,6000,1450,1910,1134,"Published payload with Mazda standard tray fitted",3500,350,,,,mazda-bt50-payload-au,"Dual Cab > 4x4 > XS Cab Chassis",source_verified,0,"Bare chassis is 1,852 kg kerb and 1,248 kg payload; the standard tray adds 114 kg.",1,https://www.mazda.com.au/cars/bt-50/payload/,,2026-08-17
mazda-bt50-my25-dual-4x4-xs-pickup,Mazda,BT-50,2025,,XS,dual_cab,pickup_tub,4x4,"2.2L diesel",automatic,,"Standard light-vehicle licence subject to final configuration",,1961,"Published kerb weight; tub body, no tray state published",3100,6000,1450,1910,1139,"Published payload",3500,350,,,,mazda-bt50-payload-au,"Dual Cab > 4x4 > XS Pickup",source_verified,0,"Tub-compatible camper only unless engineered tray conversion is verified.",1,https://www.mazda.com.au/cars/bt-50/payload/,,2026-08-17
mazda-bt50-my25-dual-4x2-xs-pickup,Mazda,BT-50,2025,,XS,dual_cab,pickup_tub,4x2,"2.2L diesel",automatic,,"Standard light-vehicle licence subject to final configuration",,1888,"Published kerb weight; tub body, no tray state published",3000,5850,1450,1910,1112,"Published payload",3500,350,,,,mazda-bt50-payload-au,"Dual Cab > 4x2 > XS Pickup",source_verified,0,"Tub-compatible camper only unless engineered tray conversion is verified.",1,https://www.mazda.com.au/cars/bt-50/payload/,,2026-08-17
mazda-bt50-my25-single-4x2-xs-cc,Mazda,BT-50,2025,,XS,single_cab,cab_chassis,4x2,"2.2L diesel",automatic,,"Standard light-vehicle licence subject to final configuration",,1787,"Kerb weight with Mazda standard tray fitted",3000,5850,1450,1910,1213,"Published payload with Mazda standard tray fitted",3500,350,,,,mazda-bt50-payload-au,"Single Cab > 4x2 > XS Cab Chassis",source_verified,0,"Bare chassis is 1,643 kg kerb and 1,357 kg payload; the standard tray adds 144 kg.",1,https://www.mazda.com.au/cars/bt-50/payload/,,2026-08-17
mazda-bt50-my25-dual-4x4-xt-cc,Mazda,BT-50,2025,,XT,dual_cab,cab_chassis,4x4,"3.0L diesel",automatic,,"Standard light-vehicle licence subject to final configuration",,2006,"Kerb weight with Mazda standard tray fitted",3100,6000,1450,1910,1094,"Published payload with Mazda standard tray fitted",3500,350,,,,mazda-bt50-payload-au,"Dual Cab > 4x4 > XT Cab Chassis",source_verified,0,"Bare chassis is 1,892 kg kerb and 1,208 kg payload; the standard tray adds 114 kg.",1,https://www.mazda.com.au/cars/bt-50/payload/,,2026-08-17
mazda-bt50-my25-dual-4x2-xt-cc,Mazda,BT-50,2025,,XT,dual_cab,cab_chassis,4x2,"3.0L diesel",automatic,,"Standard light-vehicle licence subject to final configuration",,1920,"Kerb weight with Mazda standard tray fitted",3000,5850,1450,1910,1080,"Published payload with Mazda standard tray fitted",3500,350,,,,mazda-bt50-payload-au,"Dual Cab > 4x2 > XT Cab Chassis",source_verified,0,"Bare chassis is 1,806 kg kerb and 1,194 kg payload; the standard tray adds 114 kg.",1,https://www.mazda.com.au/cars/bt-50/payload/,,2026-08-17
mazda-bt50-my25-dual-4x4-xt-pickup,Mazda,BT-50,2025,,XT,dual_cab,pickup_tub,4x4,"3.0L diesel",automatic,,"Standard light-vehicle licence subject to final configuration",,2015,"Published kerb weight; tub body, no tray state published",3100,6000,1450,1910,1085,"Published payload",3500,350,,,,mazda-bt50-payload-au,"Dual Cab > 4x4 > XT Pickup",source_verified,0,"Tub-compatible camper only unless engineered tray conversion is verified.",1,https://www.mazda.com.au/cars/bt-50/payload/,,2026-08-17
mazda-bt50-my25-dual-4x2-xt-pickup,Mazda,BT-50,2025,,XT,dual_cab,pickup_tub,4x2,"3.0L diesel",automatic,,"Standard light-vehicle licence subject to final configuration",,1929,"Published kerb weight; tub body, no tray state published",3000,5850,1450,1910,1071,"Published payload",3500,350,,,,mazda-bt50-payload-au,"Dual Cab > 4x2 > XT Pickup",source_verified,0,"Tub-compatible camper only unless engineered tray conversion is verified.",1,https://www.mazda.com.au/cars/bt-50/payload/,,2026-08-17
mazda-bt50-my25-freestyle-4x2-xt-cc,Mazda,BT-50,2025,,XT,freestyle_cab,cab_chassis,4x2,"3.0L diesel",automatic,,"Standard light-vehicle licence subject to final configuration",,1880,"Kerb weight with Mazda standard tray fitted",3000,5850,1450,1910,1120,"Published payload with Mazda standard tray fitted",3500,350,,,,mazda-bt50-payload-au,"Freestyle Cab > 4x2 > XT Cab Chassis",source_verified,0,"Bare chassis is 1,755 kg kerb and 1,245 kg payload; the standard tray adds 125 kg.",1,https://www.mazda.com.au/cars/bt-50/payload/,,2026-08-17
mazda-bt50-my25-freestyle-4x4-xt-cc,Mazda,BT-50,2025,,XT,freestyle_cab,cab_chassis,4x4,"3.0L diesel",automatic,,"Standard light-vehicle licence subject to final configuration",,1966,"Kerb weight with Mazda standard tray fitted",3100,6000,1450,1910,1134,"Published payload with Mazda standard tray fitted",3500,350,,,,mazda-bt50-payload-au,"Freestyle Cab > 4x4 > XT Cab Chassis",source_verified,0,"Bare chassis is 1,841 kg kerb and 1,259 kg payload; the standard tray adds 125 kg.",1,https://www.mazda.com.au/cars/bt-50/payload/,,2026-08-17
mazda-bt50-my25-single-4x2-xt-cc,Mazda,BT-50,2025,,XT,single_cab,cab_chassis,4x2,"3.0L diesel",automatic,,"Standard light-vehicle licence subject to final configuration",,1828,"Kerb weight with Mazda standard tray fitted",3000,5850,1450,1910,1172,"Published payload with Mazda standard tray fitted",3500,350,,,,mazda-bt50-payload-au,"Single Cab > 4x2 > XT Cab Chassis",source_verified,0,"Bare chassis is 1,684 kg kerb and 1,316 kg payload; the standard tray adds 144 kg.",1,https://www.mazda.com.au/cars/bt-50/payload/,,2026-08-17
mazda-bt50-my25-single-4x4-xt-cc,Mazda,BT-50,2025,,XT,single_cab,cab_chassis,4x4,"3.0L diesel",automatic,,"Standard light-vehicle licence subject to final configuration",,1914,"Kerb weight with Mazda standard tray fitted",3100,6000,1450,1910,1186,"Published payload with Mazda standard tray fitted",3500,350,,,,mazda-bt50-payload-au,"Single Cab > 4x4 > XT Cab Chassis",source_verified,0,"Bare chassis is 1,770 kg kerb and 1,330 kg payload; the standard tray adds 144 kg. Highest tray-fitted payload in the BT-50 range.",1,https://www.mazda.com.au/cars/bt-50/payload/,,2026-08-17
mazda-bt50-my25-dual-4x4-xtr-cc,Mazda,BT-50,2025,,XTR,dual_cab,cab_chassis,4x4,"3.0L diesel",automatic,,"Standard light-vehicle licence subject to final configuration",,2070,"Kerb weight with Mazda standard tray fitted",3100,6000,1450,1910,1030,"Published payload with Mazda standard tray fitted",3500,350,,,,mazda-bt50-payload-au,"Dual Cab > 4x4 > XTR Cab Chassis",source_verified,0,"Bare chassis is 1,956 kg kerb and 1,144 kg payload; the standard tray adds 114 kg.",1,https://www.mazda.com.au/cars/bt-50/payload/,,2026-08-17
mazda-bt50-my25-dual-4x4-xtr-pickup,Mazda,BT-50,2025,,XTR,dual_cab,pickup_tub,4x4,"3.0L diesel",automatic,,"Standard light-vehicle licence subject to final configuration",,2098,"Published kerb weight; tub body, no tray state published",3100,6000,1450,1910,1002,"Published payload",3500,350,,,,mazda-bt50-payload-au,"Dual Cab > 4x4 > XTR Pickup",source_verified,0,"Tub-compatible camper only unless engineered tray conversion is verified.",1,https://www.mazda.com.au/cars/bt-50/payload/,,2026-08-17
mazda-bt50-my25-dual-4x2-xtr-pickup,Mazda,BT-50,2025,,XTR,dual_cab,pickup_tub,4x2,"3.0L diesel",automatic,,"Standard light-vehicle licence subject to final configuration",,2012,"Published kerb weight; tub body, no tray state published",3000,5850,1450,1910,988,"Published payload",3500,350,,,,mazda-bt50-payload-au,"Dual Cab > 4x2 > XTR Pickup",source_verified,0,"Tub-compatible camper only unless engineered tray conversion is verified.",1,https://www.mazda.com.au/cars/bt-50/payload/,,2026-08-17
mitsubishi-triton-26my-gls-double-cc-4x4,Mitsubishi,Triton,2026,,GLS,double_cab,cab_chassis,4x4,"2.4L 4N16 bi-turbo diesel; 150 kW / 470 Nm","6-speed automatic",,"Standard light-vehicle licence subject to final configuration",3130,1990,"Published kerb mass; excludes tray body",3200,6250,1580,2040,1210,"Published maximum payload; reconciles with GVM minus kerb mass",3500,350,,,,mitsubishi-triton-26my-au,"Dimensions and Weights: GLS double cab Cab Chassis 4X4",source_verified,0,,1,https://www.mitsubishi-motors.com.au/content/dam/mmal/pdfs/vehicle-brochures/26MY%20Triton%20Brochure.pdf,,2026-08-18
mitsubishi-triton-26my-gls-double-pickup-4x4-1t,Mitsubishi,Triton,2026,,GLS,double_cab,pickup_tub,4x4,"2.4L 4N16 bi-turbo diesel; 150 kW / 470 Nm","6-speed automatic",,"Standard light-vehicle licence subject to final configuration",3130,2129,"Published kerb mass",3200,6250,1580,2040,1071,"Published maximum payload; reconciles with GVM minus kerb mass",3500,350,,,,mitsubishi-triton-26my-au,"Dimensions and Weights: GLS double cab Pick-Up 4X4",source_verified,0,"Figures are for the standard GLS 1.0 t payload model. GLS Leather is 2,135 kg kerb and 1,065 kg payload. Tub-compatible camper only unless engineered tray conversion is verified.",1,https://www.mitsubishi-motors.com.au/content/dam/mmal/pdfs/vehicle-brochures/26MY%20Triton%20Brochure.pdf,,2026-08-18
mitsubishi-triton-26my-gls-double-pickup-4x4-0-9t,Mitsubishi,Triton,2026,,GLS,double_cab,pickup_tub,4x4,"2.4L 4N16 bi-turbo diesel; 150 kW / 470 Nm","6-speed automatic",,"Standard light-vehicle licence subject to final configuration",3130,2129,"Published kerb mass",3080,6250,1580,2040,951,"Published maximum payload; reconciles with GVM minus kerb mass",3500,350,,,,mitsubishi-triton-26my-au,"Dimensions and Weights: GLS double cab Pick-Up 4X4",source_verified,0,"The 0.9 t payload model carries a reduced 3,080 kg GVM on the same kerb mass. GLS Leather 0.9t is 2,135 kg kerb and 945 kg payload. Tub-compatible camper only unless engineered tray conversion is verified.",1,https://www.mitsubishi-motors.com.au/content/dam/mmal/pdfs/vehicle-brochures/26MY%20Triton%20Brochure.pdf,,2026-08-18
mitsubishi-triton-26my-glx-club-cc-4x4,Mitsubishi,Triton,2026,,GLX,club_cab,cab_chassis,4x4,"2.4L 4N16 bi-turbo diesel; 150 kW / 470 Nm","6-speed automatic",,"Standard light-vehicle licence subject to final configuration",3130,1957,"Published kerb mass; excludes tray body",3200,6250,1580,2040,1243,"Published maximum payload; reconciles with GVM minus kerb mass",3500,350,,,,mitsubishi-triton-26my-au,"Dimensions and Weights: GLX club cab Cab Chassis 4X4",source_verified,0,,1,https://www.mitsubishi-motors.com.au/content/dam/mmal/pdfs/vehicle-brochures/26MY%20Triton%20Brochure.pdf,,2026-08-18
mitsubishi-triton-26my-glx-double-pickup-4x2,Mitsubishi,Triton,2026,,GLX,double_cab,pickup_tub,4x2,"2.4L 4N16 bi-turbo diesel; 150 kW / 470 Nm","6-speed automatic",,"Standard light-vehicle licence subject to final configuration",3130,2015,"Published kerb mass",3070,6210,1500,1980,1055,"Published maximum payload; reconciles with GVM minus kerb mass",3500,350,,,,mitsubishi-triton-26my-au,"Dimensions and Weights: GLX double cab Pick-Up 4X2",source_verified,0,"Tub-compatible camper only unless engineered tray conversion is verified.",1,https://www.mitsubishi-motors.com.au/content/dam/mmal/pdfs/vehicle-brochures/26MY%20Triton%20Brochure.pdf,,2026-08-18
mitsubishi-triton-26my-glx-double-cc-4x4-manual,Mitsubishi,Triton,2026,,GLX,double_cab,cab_chassis,4x4,"2.4L 4N16 bi-turbo diesel; 150 kW / 470 Nm","6-speed manual",,"Standard light-vehicle licence subject to final configuration",3130,2003,"Published kerb mass; excludes tray body",3200,6250,1580,2040,1197,"Published maximum payload; reconciles with GVM minus kerb mass",3500,350,,,,mitsubishi-triton-26my-au,"Dimensions and Weights: GLX double cab Cab Chassis 4X4",source_verified,0,,1,https://www.mitsubishi-motors.com.au/content/dam/mmal/pdfs/vehicle-brochures/26MY%20Triton%20Brochure.pdf,,2026-08-18
mitsubishi-triton-26my-glx-double-cc-4x4-auto,Mitsubishi,Triton,2026,,GLX,double_cab,cab_chassis,4x4,"2.4L 4N16 bi-turbo diesel; 150 kW / 470 Nm","6-speed automatic",,"Standard light-vehicle licence subject to final configuration",3130,1993,"Published kerb mass; excludes tray body",3200,6250,1580,2040,1207,"Published maximum payload; reconciles with GVM minus kerb mass",3500,350,,,,mitsubishi-triton-26my-au,"Dimensions and Weights: GLX double cab Cab Chassis 4X4",source_verified,0,,1,https://www.mitsubishi-motors.com.au/content/dam/mmal/pdfs/vehicle-brochures/26MY%20Triton%20Brochure.pdf,,2026-08-18
mitsubishi-triton-26my-glx-double-pickup-4x4,Mitsubishi,Triton,2026,,GLX,double_cab,pickup_tub,4x4,"2.4L 4N16 bi-turbo diesel; 150 kW / 470 Nm","6-speed automatic",,"Standard light-vehicle licence subject to final configuration",3130,2117,"Published kerb mass",3200,6250,1580,2040,1083,"Published maximum payload; reconciles with GVM minus kerb mass",3500,350,,,,mitsubishi-triton-26my-au,"Dimensions and Weights: GLX double cab Pick-Up 4X4",source_verified,0,"Tub-compatible camper only unless engineered tray conversion is verified.",1,https://www.mitsubishi-motors.com.au/content/dam/mmal/pdfs/vehicle-brochures/26MY%20Triton%20Brochure.pdf,,2026-08-18
mitsubishi-triton-26my-glx-single-cc-4x2,Mitsubishi,Triton,2026,,GLX,single_cab,cab_chassis,4x2,"2.4L 4N16 bi-turbo diesel; 150 kW / 470 Nm","6-speed automatic",,"Standard light-vehicle licence subject to final configuration",3130,1756,"Published kerb mass; excludes tray body",3070,6210,1500,1980,1314,"Published maximum payload; reconciles with GVM minus kerb mass",3500,350,,,,mitsubishi-triton-26my-au,"Dimensions and Weights: GLX single cab Cab Chassis 4X2",needs_secondary_review,0,"Mitsubishi publishes maximum payload as a pair, 1,304 / 1,314 kg, without explaining the split; 1,314 kg is the value that reconciles with published kerb mass. Confirm the lower figure before customer exposure.",1,https://www.mitsubishi-motors.com.au/content/dam/mmal/pdfs/vehicle-brochures/26MY%20Triton%20Brochure.pdf,,2026-08-18
mitsubishi-triton-26my-glx-single-cc-4x4,Mitsubishi,Triton,2026,,GLX,single_cab,cab_chassis,4x4,"2.4L 4N16 bi-turbo diesel; 150 kW / 470 Nm","6-speed automatic",,"Standard light-vehicle licence subject to final configuration",3130,1865,"Published kerb mass; excludes tray body",3200,6250,1580,2040,1335,"Published maximum payload; reconciles with GVM minus kerb mass",3500,350,,,,mitsubishi-triton-26my-au,"Dimensions and Weights: GLX single cab Cab Chassis 4X4",needs_secondary_review,0,"Mitsubishi publishes maximum payload as a pair, 1,330 / 1,335 kg, without explaining the split; 1,335 kg is the value that reconciles with published kerb mass. Confirm the lower figure before customer exposure.",1,https://www.mitsubishi-motors.com.au/content/dam/mmal/pdfs/vehicle-brochures/26MY%20Triton%20Brochure.pdf,,2026-08-18
mitsubishi-triton-26my-glxplus-club-pickup-4x4,Mitsubishi,Triton,2026,,GLX+,club_cab,pickup_tub,4x4,"2.4L 4N16 bi-turbo diesel; 150 kW / 470 Nm","6-speed automatic",,"Standard light-vehicle licence subject to final configuration",3130,2089,"Published kerb mass",3200,6250,1580,2040,1111,"Published maximum payload; reconciles with GVM minus kerb mass",3500,350,,,,mitsubishi-triton-26my-au,"Dimensions and Weights: GLX+ club cab Pick-Up 4X4",source_verified,0,"Tub-compatible camper only unless engineered tray conversion is verified.",1,https://www.mitsubishi-motors.com.au/content/dam/mmal/pdfs/vehicle-brochures/26MY%20Triton%20Brochure.pdf,,2026-08-18
mitsubishi-triton-26my-glxplus-double-cc-4x4,Mitsubishi,Triton,2026,,GLX+,double_cab,cab_chassis,4x4,"2.4L 4N16 bi-turbo diesel; 150 kW / 470 Nm","6-speed automatic",,"Standard light-vehicle licence subject to final configuration",3130,1991,"Published kerb mass; excludes tray body",3200,6250,1580,2040,1209,"Published maximum payload; reconciles with GVM minus kerb mass",3500,350,,,,mitsubishi-triton-26my-au,"Dimensions and Weights: GLX+ double cab Cab Chassis 4X4",source_verified,0,,1,https://www.mitsubishi-motors.com.au/content/dam/mmal/pdfs/vehicle-brochures/26MY%20Triton%20Brochure.pdf,,2026-08-18
mitsubishi-triton-26my-glxplus-double-pickup-4x4,Mitsubishi,Triton,2026,,GLX+,double_cab,pickup_tub,4x4,"2.4L 4N16 bi-turbo diesel; 150 kW / 470 Nm","6-speed automatic",,"Standard light-vehicle licence subject to final configuration",3130,2108,"Published kerb mass",3200,6250,1580,2040,1092,"Published maximum payload; reconciles with GVM minus kerb mass",3500,350,,,,mitsubishi-triton-26my-au,"Dimensions and Weights: GLX+ double cab Pick-Up 4X4",source_verified,0,"Tub-compatible camper only unless engineered tray conversion is verified.",1,https://www.mitsubishi-motors.com.au/content/dam/mmal/pdfs/vehicle-brochures/26MY%20Triton%20Brochure.pdf,,2026-08-18
mitsubishi-triton-26my-glxr-double-pickup-4x4,Mitsubishi,Triton,2026,,GLX-R,double_cab,pickup_tub,4x4,"2.4L 4N16 bi-turbo diesel; 150 kW / 470 Nm","6-speed automatic",,"Standard light-vehicle licence subject to final configuration",3130,2107,"Published kerb mass",3200,6250,1580,2040,1093,"Published maximum payload; reconciles with GVM minus kerb mass",3500,350,,,,mitsubishi-triton-26my-au,"Dimensions and Weights: GLX-R double cab Pick-Up 4X4",source_verified,0,"Tub-compatible camper only unless engineered tray conversion is verified.",1,https://www.mitsubishi-motors.com.au/content/dam/mmal/pdfs/vehicle-brochures/26MY%20Triton%20Brochure.pdf,,2026-08-18
mitsubishi-triton-26my-gsr-double-cc-4x4,Mitsubishi,Triton,2026,,GSR,double_cab,cab_chassis,4x4,"2.4L 4N16 bi-turbo diesel; 150 kW / 470 Nm","6-speed automatic",,"Standard light-vehicle licence subject to final configuration",3130,2006,"Published kerb mass; excludes tray body",3200,6250,1580,2040,1194,"Published maximum payload; reconciles with GVM minus kerb mass",3500,350,,,,mitsubishi-triton-26my-au,"Dimensions and Weights: GSR double cab Cab Chassis 4X4",source_verified,0,,1,https://www.mitsubishi-motors.com.au/content/dam/mmal/pdfs/vehicle-brochures/26MY%20Triton%20Brochure.pdf,,2026-08-18
mitsubishi-triton-26my-gsr-double-pickup-4x4-1t,Mitsubishi,Triton,2026,,GSR,double_cab,pickup_tub,4x4,"2.4L 4N16 bi-turbo diesel; 150 kW / 470 Nm","6-speed automatic",,"Standard light-vehicle licence subject to final configuration",3130,2170,"Published kerb mass",3200,6250,1580,2040,1030,"Published maximum payload; reconciles with GVM minus kerb mass",3500,350,,,,mitsubishi-triton-26my-au,"Dimensions and Weights: GSR double cab Pick-Up 4X4",source_verified,0,"Figures are for the 1.0 t payload model. Tub-compatible camper only unless engineered tray conversion is verified.",1,https://www.mitsubishi-motors.com.au/content/dam/mmal/pdfs/vehicle-brochures/26MY%20Triton%20Brochure.pdf,,2026-08-18
mitsubishi-triton-26my-gsr-double-pickup-4x4-0-9t,Mitsubishi,Triton,2026,,GSR,double_cab,pickup_tub,4x4,"2.4L 4N16 bi-turbo diesel; 150 kW / 470 Nm","6-speed automatic",,"Standard light-vehicle licence subject to final configuration",3130,2170,"Published kerb mass",3080,6250,1580,2040,910,"Published maximum payload; reconciles with GVM minus kerb mass",3500,350,,,,mitsubishi-triton-26my-au,"Dimensions and Weights: GSR double cab Pick-Up 4X4",source_verified,0,"The 0.9 t payload model carries a reduced 3,080 kg GVM on the same kerb mass. Lowest payload in the Triton range. Tub-compatible camper only unless engineered tray conversion is verified.",1,https://www.mitsubishi-motors.com.au/content/dam/mmal/pdfs/vehicle-brochures/26MY%20Triton%20Brochure.pdf,,2026-08-18
nissan-navara-2026-pro-4x-pick-up-tub,Nissan,Navara,2026,,PRO-4X,dual_cab,pickup_tub,"4x4 selectable","2.4L bi-turbo diesel","6-speed automatic",,"Standard light-vehicle licence subject to final configuration",3130,2226,"Published kerb weight",3190,6250,1580,2040,964,"GVM minus kerb",3500,,1555,1545,,nissan-navara-au,"Official current specifications: PRO-4X Pick-up tub",source_verified,0,"Load body as published: Pick-up tub. Manufacturer drivetrain description: Super 4WD with 7 terrain modes. AdBlue tank 17 L. Nissan's public specification table does not state a towball maximum; use the towbar and vehicle labels. Tub-compatible camper only unless engineered tray conversion is verified.",1,https://www.nissan.com.au/vehicles/browse-range/all-new-navara/specs-and-pricing.html,,2026-08-18
nissan-navara-2026-sl-pick-up-tub,Nissan,Navara,2026,,SL,dual_cab,pickup_tub,"4x4 part-time","2.4L bi-turbo diesel","6-speed automatic",,"Standard light-vehicle licence subject to final configuration",3130,2126,"Published kerb weight",3190,6250,1580,2040,1064,"GVM minus kerb",3500,,1555,1545,,nissan-navara-au,"Official current specifications: SL Pick-up tub",source_verified,0,"Load body as published: Pick-up tub. Manufacturer drivetrain description: Easy Select part-time 4WD. AdBlue tank 17 L. Nissan's public specification table does not state a towball maximum; use the towbar and vehicle labels. Tub-compatible camper only unless engineered tray conversion is verified.",1,https://www.nissan.com.au/vehicles/browse-range/all-new-navara/specs-and-pricing.html,,2026-08-18
nissan-navara-2026-st-pick-up-tub,Nissan,Navara,2026,,ST,dual_cab,pickup_tub,"4x4 part-time","2.4L bi-turbo diesel","6-speed automatic",,"Standard light-vehicle licence subject to final configuration",3130,2143,"Published kerb weight",3190,6250,1580,2040,1047,"GVM minus kerb",3500,,1555,1545,,nissan-navara-au,"Official current specifications: ST Pick-up tub",source_verified,0,"Load body as published: Pick-up tub. Manufacturer drivetrain description: Easy Select part-time 4WD. AdBlue tank 17 L. Nissan's public specification table does not state a towball maximum; use the towbar and vehicle labels. Tub-compatible camper only unless engineered tray conversion is verified.",1,https://www.nissan.com.au/vehicles/browse-range/all-new-navara/specs-and-pricing.html,,2026-08-18
nissan-navara-2026-st-x-pick-up-tub,Nissan,Navara,2026,,ST-X,dual_cab,pickup_tub,"4x4 selectable","2.4L bi-turbo diesel","6-speed automatic",,"Standard light-vehicle licence subject to final configuration",3130,2171,"Published kerb weight",3190,6250,1580,2040,1019,"GVM minus kerb",3500,,1555,1545,,nissan-navara-au,"Official current specifications: ST-X Pick-up tub",source_verified,0,"Load body as published: Pick-up tub. Manufacturer drivetrain description: Super 4WD with 7 terrain modes. AdBlue tank 17 L. Nissan's public specification table does not state a towball maximum; use the towbar and vehicle labels. Tub-compatible camper only unless engineered tray conversion is verified.",1,https://www.nissan.com.au/vehicles/browse-range/all-new-navara/specs-and-pricing.html,,2026-08-18
ram-1500-2023-big-horn-5-7-tub,RAM,1500,2023,,"Big Horn",crew_cab,pickup_tub,"4x4 part-time","5.7L HEMI V8 eTorque mild hybrid","8-speed automatic",,"Standard light-vehicle licence subject to final configuration",3672,2519,"Published kerb weight",3450,7713,1770,1860,931,"GVM minus certified kerb",4500,,1712,1687,,ram-1500-au,"Official page + embedded table reconciled: Big Horn 5'7"" tub",needs_secondary_review,0,"Figures come from a supplied compilation that could not be checked against the manufacturer document; treat as unconfirmed. Load body as published: 5'7"" tub. Manufacturer drivetrain description: Part-time 4x4 with low range. RAM's current Big Horn table does not publish a maximum towball figure; use the fitted vehicle/towbar labels. 4.5 t requires genuine RAM 70 mm tow-ball hardware and remains GCM-limited. Tub-compatible camper only unless engineered tray conversion is verified.",1,https://www.ramtrucks.com.au/vehicles/1500-big-horn-crew-cab/,,2026-08-18
ram-1500-2023-big-horn-6-4-tub,RAM,1500,2023,,"Big Horn",crew_cab,pickup_tub,"4x4 part-time","5.7L HEMI V8 eTorque mild hybrid","8-speed automatic",,"Standard light-vehicle licence subject to final configuration",3898,2572,"Published kerb weight",3450,7713,1770,1860,878,"GVM minus certified kerb",4500,,1937,1687,,ram-1500-au,"Official page + embedded table reconciled: Big Horn 6'4"" tub",needs_secondary_review,0,"Figures come from a supplied compilation that could not be checked against the manufacturer document; treat as unconfirmed. Load body as published: 6'4"" tub. Manufacturer drivetrain description: Part-time 4x4 with low range. RAM's current Big Horn table does not publish a maximum towball figure; use the fitted vehicle/towbar labels. 4.5 t requires genuine RAM 70 mm tow-ball hardware and remains GCM-limited. Tub-compatible camper only unless engineered tray conversion is verified.",1,https://www.ramtrucks.com.au/vehicles/1500-big-horn-crew-cab/,,2026-08-18
ram-1500-2026-express-black-edition-5-7-tub,RAM,1500,2026,,"Express Black Edition",crew_cab,pickup_tub,"4x4 part-time","3.0L Hurricane SO twin-turbo inline-six","8-speed automatic",,"Standard light-vehicle licence subject to final configuration",3672,2491,"Published kerb weight",3505,7711,1770,1860,1014,"GVM minus certified kerb",4500,450,1712,1687,,ram-1500-au,"Current July 2026 mass table; official grade page: Express Black Edition 5'7"" tub",needs_secondary_review,0,"Figures come from a supplied compilation that could not be checked against the manufacturer document; treat as unconfirmed. Load body as published: 5'7"" tub. Manufacturer drivetrain description: Part-time 4x4 (2H/4H/4L). Maximum combined tub and towball load: 520 kg. At the published 450 kg maximum ball load, only 70 kg remains under that separate tub-and-ball cap. Tub-compatible camper only unless engineered tray conversion is verified.",1,https://www.ramtrucks.com.au/vehicles/1500-big-horn-crew-cab/,,2026-08-18
ram-1500-2026-laramie-night-5-7-tub,RAM,1500,2026,,"Laramie Night",crew_cab,pickup_tub,"4x4 full-time","3.0L Hurricane SO twin-turbo inline-six","8-speed automatic",,"Standard light-vehicle licence subject to final configuration",3672,2706,"Published kerb weight",3505,7711,1770,1860,799,"GVM minus certified kerb",4500,450,1712,1687,,ram-1500-au,"Current July 2026 mass table; official grade page: Laramie Night 5'7"" tub",needs_secondary_review,0,"Figures come from a supplied compilation that could not be checked against the manufacturer document; treat as unconfirmed. Load body as published: 5'7"" tub. Manufacturer drivetrain description: On-demand/full-time 4x4. Maximum combined tub and towball load: 470 kg; only 20 kg remains under that cap at a 450 kg ball load. Tub-compatible camper only unless engineered tray conversion is verified.",1,https://www.ramtrucks.com.au/vehicles/1500-big-horn-crew-cab/,,2026-08-18
ram-1500-2026-laramie-sport-5-7-tub,RAM,1500,2026,,"Laramie Sport",crew_cab,pickup_tub,"4x4 full-time","3.0L Hurricane SO twin-turbo inline-six","8-speed automatic",,"Standard light-vehicle licence subject to final configuration",3672,2642,"Published kerb weight",3505,7711,1770,1860,863,"GVM minus certified kerb",4500,450,1712,1687,,ram-1500-au,"Current July 2026 mass table; official grade page: Laramie Sport 5'7"" tub",needs_secondary_review,0,"Figures come from a supplied compilation that could not be checked against the manufacturer document; treat as unconfirmed. Load body as published: 5'7"" tub. Manufacturer drivetrain description: On-demand/full-time 4x4. RamBox 210 L. Maximum combined tub and towball load: 480 kg; only 30 kg remains under that cap at a 450 kg ball load. Tub-compatible camper only unless engineered tray conversion is verified.",1,https://www.ramtrucks.com.au/vehicles/1500-big-horn-crew-cab/,,2026-08-18
ram-1500-2026-limited-high-output-5-7-tub,RAM,1500,2026,,"Limited High Output",crew_cab,pickup_tub,"4x4 full-time","3.0L Hurricane HO twin-turbo inline-six","8-speed automatic",,"Standard light-vehicle licence subject to final configuration",3672,2778,"Published kerb weight",3505,7285,1770,1860,727,"GVM minus certified kerb",4200,420,1712,1687,,ram-1500-au,"Current July 2026 mass table; official grade page: Limited High Output 5'7"" tub",needs_secondary_review,0,"Figures come from a supplied compilation that could not be checked against the manufacturer document; treat as unconfirmed. Load body as published: 5'7"" tub. Manufacturer drivetrain description: On-demand/full-time 4x4; air suspension. July 2026 current mass table supersedes the earlier 2,722 kg / 782 kg launch figures. RamBox 210 L; maximum combined tub and towball load: 460 kg. Tub-compatible camper only unless engineered tray conversion is verified.",1,https://www.ramtrucks.com.au/vehicles/1500-big-horn-crew-cab/,,2026-08-18
ram-1500-2026-rebel-5-7-tub,RAM,1500,2026,,Rebel,crew_cab,pickup_tub,"4x4 on-demand","3.0L Hurricane SO twin-turbo inline-six","8-speed automatic",,"Standard light-vehicle licence subject to final configuration",3672,2624,"Published kerb weight",3505,7711,1770,1860,881,"GVM minus certified kerb",4500,450,1712,1687,,ram-1500-au,"Current July 2026 mass table; official grade page: Rebel 5'7"" tub",needs_secondary_review,0,"Figures come from a supplied compilation that could not be checked against the manufacturer document; treat as unconfirmed. Load body as published: 5'7"" tub. Manufacturer drivetrain description: On-demand 4x4; electronic rear locker. July 2026 current mass table supersedes the earlier 2,612 kg / 893 kg launch figures. Maximum combined tub and towball load: 500 kg. Tub-compatible camper only unless engineered tray conversion is verified.",1,https://www.ramtrucks.com.au/vehicles/1500-big-horn-crew-cab/,,2026-08-18
ram-2500-2025-laramie-cummins-high-output-6-4-tub,RAM,2500,2025,,"Laramie Cummins High Output",crew_cab,pickup_tub,"4x4 part-time","6.7L Cummins high-output turbo-diesel","ZF TorqueFlite 8AP1075 8-speed automatic",,"Standard light-vehicle licence subject to final configuration",3785,3710,"Published kerb weight",4495,12750,2608,2721,785,"GVM minus certified kerb",4500,450,1937,1687,,ram-2500-3500-au,"Official current brochure: Laramie Cummins High Output 6'4"" tub",source_verified,0,"Load body as published: 6'4"" tub. Manufacturer drivetrain description: Part-time 4x4 with low range. Ball-coupled braked towing is 4,500 kg with genuine RAM 70 mm hardware. Up to 8,000 kg gooseneck towing is separately specified with genuine hardware and air-braked trailer; verify all fitted labels. Tub-compatible camper only unless engineered tray conversion is verified.",1,https://resource.digitaldealer.com.au/pdf/211467751697043e181834349841250.pdf,,2026-08-18
ram-3500-2025-laramie-cummins-ho-4-495-kg-gvm-derate-6-4-tub,RAM,3500,2025,,"Laramie Cummins HO – 4,495 kg GVM derate",crew_cab,pickup_tub,"4x4 part-time","6.7L Cummins high-output turbo-diesel","ZF TorqueFlite 8AP1075 8-speed automatic",,"Standard light-vehicle licence subject to final configuration",3785,3700,"Published kerb weight",4495,14433,2721,3175,795,"GVM minus certified kerb",4500,450,1937,1687,,ram-2500-3500-au,"Official optional derated configuration: Laramie Cummins HO – 4,495 kg GVM derate 6'4"" tub",source_verified,0,"Load body as published: 6'4"" tub. Manufacturer drivetrain description: Part-time 4x4 with low range. Optional 4,495 kg GVM must be nominated before landing. The brochure does not explicitly state whether the standard 14,433 kg GCM changes after derating; confirm on the compliance plate. Ball-coupled braked towing is 4,500 kg with genuine RAM 70 mm hardware. Up to 8,000 kg gooseneck towing is separately specified with genuine hardware and air-braked trailer; verify all fitted labels. Tub-compatible camper only unless engineered tray conversion is verified.",1,https://resource.digitaldealer.com.au/pdf/211467751697043e181834349841250.pdf,,2026-08-18
ram-3500-2025-laramie-cummins-high-output-6-4-tub,RAM,3500,2025,,"Laramie Cummins High Output",crew_cab,pickup_tub,"4x4 part-time","6.7L Cummins high-output turbo-diesel","ZF TorqueFlite 8AP1075 8-speed automatic",,"Standard light-vehicle licence subject to final configuration",3785,3700,"Published kerb weight",5352,14433,2721,3175,1652,"GVM minus certified kerb",4500,450,1937,1687,,ram-2500-3500-au,"Official current brochure: Laramie Cummins High Output 6'4"" tub",source_verified,0,"Load body as published: 6'4"" tub. Manufacturer drivetrain description: Part-time 4x4 with low range. Ball-coupled braked towing is 4,500 kg with genuine RAM 70 mm hardware. Up to 8,000 kg gooseneck towing is separately specified with genuine hardware and air-braked trailer; verify all fitted labels. Tub-compatible camper only unless engineered tray conversion is verified.",1,https://resource.digitaldealer.com.au/pdf/211467751697043e181834349841250.pdf,,2026-08-18
toyota-hilux-my26-4x4-sr-double-manual,Toyota,HiLux,2026,,SR,double_cab,cab_chassis,4x4,"2.8L turbo-diesel","6-speed manual",,"Standard light-vehicle licence subject to final configuration",3085,2000,"Maximum kerb weight; standard GVM",3080,6300,,,1080,"Derived: standard GVM minus maximum kerb weight",3500,,,,,toyota-hilux-jun-2026,"HiLux 4x4 table: SR Double-Cab Cab-Chassis manual",source_verified,0,,1,https://www.toyota.com.au/-/media/toyota/main-site/vehicle-hubs/hilux/files/20260630_hilux_spec_sheet_gto010060.pdf?rev=d222769888af49519347727deb13bb73,2026-06-30,2026-08-17
toyota-hilux-my26-4x4-sr-double-auto,Toyota,HiLux,2026,,SR,double_cab,cab_chassis,4x4,"2.8L turbo-diesel","6-speed automatic",,"Standard light-vehicle licence subject to final configuration",3085,2025,"Maximum kerb weight; standard GVM",3090,6300,,,1065,"Derived: standard GVM minus maximum kerb weight",3500,,,,,toyota-hilux-jun-2026,"HiLux 4x4 table: SR Double-Cab Cab-Chassis automatic",source_verified,0,"Toyota also lists a 3,500 kg GVM upgrade option.",1,https://www.toyota.com.au/-/media/toyota/main-site/vehicle-hubs/hilux/files/20260630_hilux_spec_sheet_gto010060.pdf?rev=d222769888af49519347727deb13bb73,2026-06-30,2026-08-17
toyota-hilux-my26-4x4-sr-extra-auto,Toyota,HiLux,2026,,SR,extra_cab,cab_chassis,4x4,"2.8L turbo-diesel","6-speed automatic",,"Standard light-vehicle licence subject to final configuration",3085,1940,"Maximum kerb weight; standard GVM",3065,6300,,,1125,"Derived: standard GVM minus maximum kerb weight",3500,,,,,toyota-hilux-jun-2026,"HiLux 4x4 table: SR Extra-Cab Cab-Chassis automatic",source_verified,0,"Toyota also lists a 3,500 kg GVM upgrade option; model it as a separate approval/configuration before customer release.",1,https://www.toyota.com.au/-/media/toyota/main-site/vehicle-hubs/hilux/files/20260630_hilux_spec_sheet_gto010060.pdf?rev=d222769888af49519347727deb13bb73,2026-06-30,2026-08-17
toyota-hilux-my26-4x4-workmate-double-auto,Toyota,HiLux,2026,,WorkMate,double_cab,cab_chassis,4x4,"2.8L turbo-diesel","6-speed automatic",,"Standard light-vehicle licence subject to final configuration",3085,1975,"Maximum kerb weight; standard GVM",3065,6300,,,1090,"Derived: standard GVM minus maximum kerb weight",3500,,,,,toyota-hilux-jun-2026,"HiLux 4x4 table: WorkMate Double-Cab Cab-Chassis automatic",source_verified,0,"Toyota also lists a 3,500 kg GVM upgrade option.",1,https://www.toyota.com.au/-/media/toyota/main-site/vehicle-hubs/hilux/files/20260630_hilux_spec_sheet_gto010060.pdf?rev=d222769888af49519347727deb13bb73,2026-06-30,2026-08-17
toyota-hilux-my26-4x2-workmate-single-manual,Toyota,HiLux,2026,,WorkMate,single_cab,cab_chassis,4x2,"2.8L turbo-diesel","6-speed manual",,"Standard light-vehicle licence subject to final configuration",3085,1690,"Maximum kerb weight; cab-chassis body shown by Toyota",2950,5800,,,1260,"Derived: GVM minus maximum kerb weight",2900,,,,,toyota-hilux-jun-2026,"HiLux 4x2 table: WorkMate Single-Cab Cab-Chassis manual",source_verified,0,,1,https://www.toyota.com.au/-/media/toyota/main-site/vehicle-hubs/hilux/files/20260630_hilux_spec_sheet_gto010060.pdf?rev=d222769888af49519347727deb13bb73,2026-06-30,2026-08-17
toyota-hilux-my26-4x2-workmate-single-auto,Toyota,HiLux,2026,,WorkMate,single_cab,cab_chassis,4x2,"2.8L turbo-diesel","6-speed automatic",,"Standard light-vehicle licence subject to final configuration",3085,1700,"Maximum kerb weight; cab-chassis body shown by Toyota",2950,5800,,,1250,"Derived: GVM minus maximum kerb weight",2900,,,,,toyota-hilux-jun-2026,"HiLux 4x2 table: WorkMate Single-Cab Cab-Chassis automatic",source_verified,0,,1,https://www.toyota.com.au/-/media/toyota/main-site/vehicle-hubs/hilux/files/20260630_hilux_spec_sheet_gto010060.pdf?rev=d222769888af49519347727deb13bb73,2026-06-30,2026-08-17
toyota-hilux-my26-4x4-workmate-single-auto,Toyota,HiLux,2026,,WorkMate,single_cab,cab_chassis,4x4,"2.8L turbo-diesel","6-speed automatic",,"Standard light-vehicle licence subject to final configuration",3085,1830,"Maximum kerb weight",3065,6300,,,1235,"Derived: GVM minus maximum kerb weight",3500,,,,,toyota-hilux-jun-2026,"HiLux 4x4 table: WorkMate Single-Cab Cab-Chassis automatic",source_verified,0,,1,https://www.toyota.com.au/-/media/toyota/main-site/vehicle-hubs/hilux/files/20260630_hilux_spec_sheet_gto010060.pdf?rev=d222769888af49519347727deb13bb73,2026-06-30,2026-08-17
toyota-lc70-my25-gx-single-auto,Toyota,"LandCruiser 70",2025,,GX,single_cab,cab_chassis,4x4,"2.8L turbo-diesel","6-speed automatic",,"Check licence class after body fitment; published GVM is 3,510 kg",3180,2130,"Approximate kerb weight",3510,7010,,,1380,"Derived: GVM minus approximate kerb weight",3500,,,,,toyota-lc70-oct-2025,"Dimensions and Weights: Single-Cab GX automatic",source_verified,0,,1,https://www.toyota.com.au/-/media/toyota/main-site/vehicle-hubs/lc70/files/20251021_lc70_spec_table_gto009454.pdf?rev=4e4c662a09fe418c9a5a7b00509b16dd,2025-10-21,2026-08-17
toyota-lc70-my25-gxl-double-auto,Toyota,"LandCruiser 70",2025,,GXL,double_cab,cab_chassis,4x4,"2.8L turbo-diesel","6-speed automatic",,"Check licence class after body fitment; published GVM is 3,510 kg",3180,2185,"Approximate kerb weight",3510,7010,,,1325,"Derived: GVM minus approximate kerb weight",3500,,,,,toyota-lc70-oct-2025,"Dimensions and Weights: Double-Cab GXL automatic",source_verified,0,,1,https://www.toyota.com.au/-/media/toyota/main-site/vehicle-hubs/lc70/files/20251021_lc70_spec_table_gto009454.pdf?rev=4e4c662a09fe418c9a5a7b00509b16dd,2025-10-21,2026-08-17
toyota-lc70-my25-gxl-single-auto,Toyota,"LandCruiser 70",2025,,GXL,single_cab,cab_chassis,4x4,"2.8L turbo-diesel","6-speed automatic",,"Check licence class after body fitment; published GVM is 3,510 kg",3180,2130,"Approximate kerb weight",3510,7010,,,1380,"Derived: GVM minus approximate kerb weight",3500,,,,,toyota-lc70-oct-2025,"Dimensions and Weights: Single-Cab GXL automatic",source_verified,0,,1,https://www.toyota.com.au/-/media/toyota/main-site/vehicle-hubs/lc70/files/20251021_lc70_spec_table_gto009454.pdf?rev=4e4c662a09fe418c9a5a7b00509b16dd,2025-10-21,2026-08-17
toyota-lc70-my25-workmate-double-auto,Toyota,"LandCruiser 70",2025,,WorkMate,double_cab,cab_chassis,4x4,"2.8L turbo-diesel","6-speed automatic",,"Check licence class after body fitment; published GVM is 3,510 kg",3180,2200,"Approximate kerb weight",3510,7010,,,1310,"Derived: GVM minus approximate kerb weight",3500,,,,,toyota-lc70-oct-2025,"Dimensions and Weights: Double-Cab WorkMate automatic",source_verified,0,,1,https://www.toyota.com.au/-/media/toyota/main-site/vehicle-hubs/lc70/files/20251021_lc70_spec_table_gto009454.pdf?rev=4e4c662a09fe418c9a5a7b00509b16dd,2025-10-21,2026-08-17
toyota-lc70-my25-workmate-single-auto,Toyota,"LandCruiser 70",2025,,WorkMate,single_cab,cab_chassis,4x4,"2.8L turbo-diesel","6-speed automatic",,"Check licence class after body fitment; published GVM is 3,510 kg",3180,2145,"Approximate kerb weight",3510,7010,,,1365,"Derived: GVM minus approximate kerb weight",3500,,,,,toyota-lc70-oct-2025,"Dimensions and Weights: Single-Cab WorkMate automatic",source_verified,0,,1,https://www.toyota.com.au/-/media/toyota/main-site/vehicle-hubs/lc70/files/20251021_lc70_spec_table_gto009454.pdf?rev=4e4c662a09fe418c9a5a7b00509b16dd,2025-10-21,2026-08-17
toyota-tundra-my26-limited,Toyota,Tundra,2026,,Limited,crew_cab,pickup_tub,"part-time 4WD","3.5L V6 twin-turbo hybrid","10-speed automatic",,"Standard light-vehicle licence subject to final configuration",3700,2792,"Maximum approximate kerb weight",3536,8030,1850,1850,744,"Derived: GVM minus maximum kerb weight",4500,,,,,toyota-tundra-may-2026,"Weights and Capabilities: Limited",source_verified,0,"Tub-compatible camper or engineered tray conversion only.",1,https://www.toyota.com.au/-/media/toyota/main-site/vehicle-hubs/tundra/files/20260506-tundra_spec-table_gto009469-v1.pdf?rev=fe8c44cde59d4c339adb2c9124278b61,2026-05-06,2026-08-17
toyota-tundra-my26-platinum,Toyota,Tundra,2026,,Platinum,crew_cab,pickup_tub,"part-time 4WD","3.5L V6 twin-turbo hybrid","10-speed automatic",,"Standard light-vehicle licence subject to final configuration",3700,2834,"Maximum approximate kerb weight",3536,7980,1850,1850,702,"Derived: GVM minus maximum kerb weight",4500,,,,,toyota-tundra-may-2026,"Weights and Capabilities: Platinum",source_verified,0,"Tub-compatible camper or engineered tray conversion only.",1,https://www.toyota.com.au/-/media/toyota/main-site/vehicle-hubs/tundra/files/20260506-tundra_spec-table_gto009469-v1.pdf?rev=fe8c44cde59d4c339adb2c9124278b61,2026-05-06,2026-08-17
volkswagen-amarok-2025-aventura-tdi-v6-pick-up-tub,Volkswagen,Amarok,2025,,"Aventura TDI V6",dual_cab,pickup_tub,"4x4 4MOTION","3.0L V6 turbo-diesel","10-speed automatic",,"Standard light-vehicle licence subject to final configuration",3270,2399,"Published kerb weight",3190,6300,1490,1785,791,"GVM minus kerb",3500,350,1544,1530,,vw-amarok-my25-au,"Official MY25 brochure: Aventura TDI V6 Pick-up tub",source_verified,0,"Load body as published: Pick-up tub. Manufacturer drivetrain description: 4MOTION 2H/4A/4H/4L. Static roof load is 350 kg; dynamic roof load is 85 kg. Tub-compatible camper only unless engineered tray conversion is verified.",1,https://www.volkswagen.com.au/idhub/content/dam/onehub_pkw/importers/au/pdfs/commercial-vehicles/VW_CV_Amarok_VWCAMAROKMY25_BrochureSpec_Sep25_FA.pdf,,2026-08-18
volkswagen-amarok-2025-aventura-tsi-pick-up-tub,Volkswagen,Amarok,2025,,"Aventura TSI",dual_cab,pickup_tub,"4x4 4MOTION","2.3L turbo-petrol","10-speed automatic",,"Standard light-vehicle licence subject to final configuration",3270,2292,"Published kerb weight",3100,6200,1450,1785,808,"GVM minus kerb",3500,350,1544,1530,,vw-amarok-my25-au,"Official MY25 brochure: Aventura TSI Pick-up tub",source_verified,0,"Load body as published: Pick-up tub. Manufacturer drivetrain description: 4MOTION 2H/4A/4H/4L. Static roof load is 350 kg; dynamic roof load is 85 kg. Tub-compatible camper only unless engineered tray conversion is verified.",1,https://www.volkswagen.com.au/idhub/content/dam/onehub_pkw/importers/au/pdfs/commercial-vehicles/VW_CV_Amarok_VWCAMAROKMY25_BrochureSpec_Sep25_FA.pdf,,2026-08-18
volkswagen-amarok-2025-core-pick-up-tub,Volkswagen,Amarok,2025,,Core,dual_cab,pickup_tub,"4x4 4MOTION","2.0L single-turbo diesel","6-speed automatic",,"Standard light-vehicle licence subject to final configuration",3270,2276,"Published kerb weight",3250,6200,1450,1959,974,"GVM minus kerb",3500,350,1544,1530,,vw-amarok-my25-au,"Official MY25 brochure: Core Pick-up tub",source_verified,0,"Load body as published: Pick-up tub. Manufacturer drivetrain description: Selectable 4MOTION 2H/4H/4L. Static roof load is 350 kg; dynamic roof load is 85 kg. Tub-compatible camper only unless engineered tray conversion is verified.",1,https://www.volkswagen.com.au/idhub/content/dam/onehub_pkw/importers/au/pdfs/commercial-vehicles/VW_CV_Amarok_VWCAMAROKMY25_BrochureSpec_Sep25_FA.pdf,,2026-08-18
volkswagen-amarok-2025-life-pick-up-tub,Volkswagen,Amarok,2025,,Life,dual_cab,pickup_tub,"4x4 4MOTION","2.0L bi-turbo diesel","10-speed automatic",,"Standard light-vehicle licence subject to final configuration",3270,2310,"Published kerb weight",3230,6350,1450,1959,920,"GVM minus kerb",3500,350,1544,1530,,vw-amarok-my25-au,"Official MY25 brochure: Life Pick-up tub",source_verified,0,"Load body as published: Pick-up tub. Manufacturer drivetrain description: Selectable 4MOTION 2H/4H/4L. Static roof load is 350 kg; dynamic roof load is 85 kg. Tub-compatible camper only unless engineered tray conversion is verified.",1,https://www.volkswagen.com.au/idhub/content/dam/onehub_pkw/importers/au/pdfs/commercial-vehicles/VW_CV_Amarok_VWCAMAROKMY25_BrochureSpec_Sep25_FA.pdf,,2026-08-18
volkswagen-amarok-2025-panamericana-pick-up-tub,Volkswagen,Amarok,2025,,PanAmericana,dual_cab,pickup_tub,"4x4 4MOTION","3.0L V6 turbo-diesel","10-speed automatic",,"Standard light-vehicle licence subject to final configuration",3270,2387,"Published kerb weight",3350,6400,1490,1959,963,"GVM minus kerb",3500,350,1544,1530,,vw-amarok-my25-au,"Official MY25 brochure: PanAmericana Pick-up tub",source_verified,0,"Load body as published: Pick-up tub. Manufacturer drivetrain description: 4MOTION 2H/4A/4H/4L. Static roof load is 350 kg; dynamic roof load is 85 kg. Tub-compatible camper only unless engineered tray conversion is verified.",1,https://www.volkswagen.com.au/idhub/content/dam/onehub_pkw/importers/au/pdfs/commercial-vehicles/VW_CV_Amarok_VWCAMAROKMY25_BrochureSpec_Sep25_FA.pdf,,2026-08-18
volkswagen-amarok-2025-style-2-0-tdi-pick-up-tub,Volkswagen,Amarok,2025,,"Style 2.0 TDI",dual_cab,pickup_tub,"4x4 4MOTION","2.0L bi-turbo diesel","10-speed automatic",,"Standard light-vehicle licence subject to final configuration",3270,2338,"Published kerb weight",3280,6350,1490,1959,942,"GVM minus kerb",3500,350,1544,1530,,vw-amarok-my25-au,"Official MY25 brochure: Style 2.0 TDI Pick-up tub",source_verified,0,"Load body as published: Pick-up tub. Manufacturer drivetrain description: Selectable 4MOTION 2H/4H/4L. Static roof load is 350 kg; dynamic roof load is 85 kg. Tub-compatible camper only unless engineered tray conversion is verified.",1,https://www.volkswagen.com.au/idhub/content/dam/onehub_pkw/importers/au/pdfs/commercial-vehicles/VW_CV_Amarok_VWCAMAROKMY25_BrochureSpec_Sep25_FA.pdf,,2026-08-18
volkswagen-amarok-2025-style-3-0-tdi-v6-pick-up-tub,Volkswagen,Amarok,2025,,"Style 3.0 TDI V6",dual_cab,pickup_tub,"4x4 4MOTION","3.0L V6 turbo-diesel","10-speed automatic",,"Standard light-vehicle licence subject to final configuration",3270,2386,"Published kerb weight",3350,6400,1490,1959,964,"GVM minus kerb",3500,350,1544,1530,,vw-amarok-my25-au,"Official MY25 brochure: Style 3.0 TDI V6 Pick-up tub",source_verified,0,"Load body as published: Pick-up tub. Manufacturer drivetrain description: 4MOTION 2H/4A/4H/4L. Static roof load is 350 kg; dynamic roof load is 85 kg. Tub-compatible camper only unless engineered tray conversion is verified.",1,https://www.volkswagen.com.au/idhub/content/dam/onehub_pkw/importers/au/pdfs/commercial-vehicles/VW_CV_Amarok_VWCAMAROKMY25_BrochureSpec_Sep25_FA.pdf,,2026-08-18
